python_commit,committer_date,refs,package_version,python_subject,native_commit,confidence,method,historical_selector,anchor
0e2cc2c437e9452ef4866cc18108eadc2a92030a,2019-05-04T02:45:32-04:00,,0.1.0dev1,initial commit,7c1ccf5135d25f4c4e60f10111aa089b53267065,inferred-compatible,descendant-release,,v0.1.0-dev3
6c972ed14815c2edbea185bf80056df4b0151be3,2019-05-04T03:53:02-04:00,,0.1.0dev1,cleanup,7c1ccf5135d25f4c4e60f10111aa089b53267065,inferred-compatible,descendant-release,,v0.1.0-dev3
d387abaee7017d1c0355e7fb056dcedd2b0eddef,2019-05-04T04:01:32-04:00,,0.1.0dev1,fix FileCache,7c1ccf5135d25f4c4e60f10111aa089b53267065,inferred-compatible,descendant-release,,v0.1.0-dev3
f2ae11de9bdaf5e360408df3df75c6772ac65cad,2019-05-04T08:09:19-04:00,,0.1.0.dev1,cleanup,7c1ccf5135d25f4c4e60f10111aa089b53267065,inferred-compatible,descendant-release,,v0.1.0-dev3
618eb4d1ff1c6cca07497ab6cf632d8bbf1e094a,2019-05-04T23:59:54-04:00,,0.1.0.dev1,force python wheel to be platform-specific,7c1ccf5135d25f4c4e60f10111aa089b53267065,inferred-compatible,descendant-release,,v0.1.0-dev3
6fede9472c60f89e22ba7f9d92b5d85ab9a47e16,2019-05-06T03:30:15-04:00,,0.1.0-dev2,cleanup,7c1ccf5135d25f4c4e60f10111aa089b53267065,inferred-compatible,descendant-release,,v0.1.0-dev3
27b74ce2399ffabd8de03bfa1fba37570f80e745,2019-05-06T05:52:53-04:00,v0.1.0-dev3,0.1.0.dev3,cleanup,7c1ccf5135d25f4c4e60f10111aa089b53267065,inferred,release,,v0.1.0-dev3
ed5ec35b0515be62b0f7300e7460c088b909c2b5,2019-05-06T21:48:09-04:00,,0.1.0.dev3,cleanup,ead17f68075bf2174d5840b1dc83019a49d51685,inferred-compatible,descendant-release,,v0.2.2
5d20b8b4d3b9e6e0f07cce23405f9919e7a74a5f,2019-05-07T03:22:17-04:00,,0.1.0.dev4,fix for mimic,ead17f68075bf2174d5840b1dc83019a49d51685,inferred-compatible,descendant-release,,v0.2.2
e80fb8b506663da59599237cfcb7aac4455497db,2019-05-17T05:46:57-04:00,,0.2.0,add linux support,ead17f68075bf2174d5840b1dc83019a49d51685,inferred-compatible,descendant-release,,v0.2.2
cb059daf8272626613b60115ca413554d5d9178d,2019-05-18T04:42:27-04:00,,0.2.0,fix linux support,ea731c2fbaa1471bd850863edcfa4effcf036f0d,correlated,semantic-pair,,matching cross-repo change
f14f6ed19658c6a5e5d44ec57f53ab1bfdfe1943,2019-05-18T04:43:07-04:00,,0.2.1,bump version,ead17f68075bf2174d5840b1dc83019a49d51685,inferred-compatible,descendant-release,,v0.2.2
e809c3ea2e2d75a6752153e025e88754fe75171c,2019-05-18T05:46:32-04:00,v0.2.2,0.2.2,bump version,ead17f68075bf2174d5840b1dc83019a49d51685,artifact,release,,v0.2.2
23e649d9b9c9e6a01ef5d2da03cbdf446446edd5,2019-05-29T02:40:57-04:00,,0.2.2,add partial cloud dictation support,0ae220a521f25adcdbaeb02f9a2b8b6b1aff3288,inferred-compatible,descendant-release,,v0.3.0
5390d4cf26ba024603ab34f733c1c10fb3a0a872,2019-05-29T06:29:19-04:00,,0.2.2,improve cloud dictation,0ae220a521f25adcdbaeb02f9a2b8b6b1aff3288,inferred-compatible,descendant-release,,v0.3.0
557296e974c7d0f13880e25866834ee9f6544733,2019-05-29T09:44:36-04:00,,0.2.2,improve cloud dictation,0ae220a521f25adcdbaeb02f9a2b8b6b1aff3288,inferred-compatible,descendant-release,,v0.3.0
48a7ba2349ccc72ea2c9c0971b847b9ef9ad0f83,2019-06-01T02:36:34-04:00,,0.2.2,improve cloud dictation,0ae220a521f25adcdbaeb02f9a2b8b6b1aff3288,inferred-compatible,descendant-release,,v0.3.0
694ea9006c3882a109c7111e6eea38413824202d,2019-06-01T03:30:05-04:00,,0.2.2,cleanup FileCache,0ae220a521f25adcdbaeb02f9a2b8b6b1aff3288,inferred-compatible,descendant-release,,v0.3.0
30a366e7239c2dd2bbc30d92c65a7df467cd52b5,2019-06-01T05:04:40-04:00,,0.2.2,improve cloud dictation,0ae220a521f25adcdbaeb02f9a2b8b6b1aff3288,inferred-compatible,descendant-release,,v0.3.0
273e154a6273d743ef6679eae10d8fe4edb81d8c,2019-06-05T06:02:02-04:00,,0.2.2,cleanup,0ae220a521f25adcdbaeb02f9a2b8b6b1aff3288,inferred-compatible,descendant-release,,v0.3.0
27709ed4f13c43ec146b5390239788a86790db41,2019-06-07T05:06:23-04:00,,0.2.2,cleanup,0ae220a521f25adcdbaeb02f9a2b8b6b1aff3288,inferred-compatible,descendant-release,,v0.3.0
706043d4dc61779ef2720f76223994993f38b4f8,2019-06-12T03:50:56-04:00,,0.2.2,add rule unloading,0ae220a521f25adcdbaeb02f9a2b8b6b1aff3288,inferred-compatible,descendant-release,,v0.3.0
6a3f79d5c6c5749d4073737deb0b7e4b024eb62a,2019-06-12T03:51:19-04:00,,0.3.0,bump version,0ae220a521f25adcdbaeb02f9a2b8b6b1aff3288,inferred-compatible,descendant-release,,v0.3.0
a09b7d8c33fcaf9791467927aaf9b84db9d18573,2019-06-12T05:07:03-04:00,,0.3.0,cleanup,0ae220a521f25adcdbaeb02f9a2b8b6b1aff3288,inferred-compatible,descendant-release,,v0.3.0
2c67e46e663e92b1d8aee1a6ed2f34a1eec67cc8,2019-06-12T05:08:40-04:00,v0.3.0,0.3.0,cleanup,0ae220a521f25adcdbaeb02f9a2b8b6b1aff3288,artifact,release,,v0.3.0
f39e5ede7b1517906b637a68d24910f60ca0d6bf,2019-06-14T03:34:41-04:00,,0.3.0,cleanup,b5fb735127846ba0457cd167c7709c0e0a4fe260,inferred-compatible,descendant-release,,v0.4.0
7e33075c9b654d3df6131d8a5802bc354a14ac8f,2019-06-14T05:40:59-04:00,,0.3.0,start preliminary rule reloading support,b5fb735127846ba0457cd167c7709c0e0a4fe260,inferred-compatible,descendant-release,,v0.4.0
1d1272398781177d2d5e5f5693ac1a4ef18e061b,2019-06-14T05:40:59-04:00,,0.3.0,complete preliminary rule reloading,b5fb735127846ba0457cd167c7709c0e0a4fe260,inferred-compatible,descendant-release,,v0.4.0
788eb8946689d95d27f85d561d2def64681d290f,2019-06-14T09:56:38-04:00,,0.4.0,add model_dir versioning,b5fb735127846ba0457cd167c7709c0e0a4fe260,inferred-compatible,descendant-release,,v0.4.0
2ac07f1f13d6b12ec052f27736caf166c9cd3873,2019-06-15T04:49:55-04:00,,0.4.0,fix misc issues,b5fb735127846ba0457cd167c7709c0e0a4fe260,inferred-compatible,descendant-release,,v0.4.0
49f8a26c491fbc3601f982ce29a8a9655efada0c,2019-06-16T09:48:07-04:00,,0.4.0,cleanup,b5fb735127846ba0457cd167c7709c0e0a4fe260,inferred-compatible,descendant-release,,v0.4.0
b2dadeab3816b1420df0ae40e7b7153c727a011c,2019-06-17T07:40:05-04:00,v0.4.0,0.4.0,cleanup,b5fb735127846ba0457cd167c7709c0e0a4fe260,artifact,release,,v0.4.0
5bd7b4101d8fee9d92624580d96f85e75b583419,2019-06-22T04:17:49-04:00,,0.4.0,update readme,b05aa9aeaa82a9451c05c3cca3d4831b40710e04,inferred-compatible,descendant-release,,v0.5.0
4a49548d1ee43471404b7c9fc282b8c7ee2ee541,2019-06-22T04:56:31-04:00,,0.4.0,refactor run subprocess,b05aa9aeaa82a9451c05c3cca3d4831b40710e04,inferred-compatible,descendant-release,,v0.5.0
f9d3bf3f2a1edb02fc443383fbf9811e6c0eb8ab,2019-06-27T09:43:58-04:00,,0.4.0,update readme,b05aa9aeaa82a9451c05c3cca3d4831b40710e04,inferred-compatible,descendant-release,,v0.5.0
86a3c39ebc3ee530f2c7f3b0b1c6e327d00653ee,2019-06-28T03:35:24-04:00,,0.4.0,combine AGF graph compilation,bd0d49fd4dc84abee70df2ce33f959776082c5a5,correlated,semantic-pair,,matching cross-repo change
4153a87b846aee59005556d1ae438737997a104d,2019-06-28T04:00:19-04:00,,0.4.0,finish combining AGF graph compilation,4a78d0668a367c51bf79d679378b2b11fb88388a,correlated,semantic-pair,,matching cross-repo change
41f5c2ca2c8be8931ed962e873ccbe9578539d44,2019-06-28T07:32:05-04:00,,0.4.0,make rule & dictation nonterm offset parameters,f7c29612e50309457af6fbf9770e3222cf790b0b,correlated,semantic-pair,,matching cross-repo change
fad385b949db701fe0f6a2f2a493303bb0fadc79,2019-06-29T04:21:13-04:00,,0.4.0,bump required model version,b05aa9aeaa82a9451c05c3cca3d4831b40710e04,inferred-compatible,descendant-release,,v0.5.0
5b6c706e4fef39fa27184d5e65e086f9437473ac,2019-06-29T04:54:20-04:00,,0.4.0,cleanup,b05aa9aeaa82a9451c05c3cca3d4831b40710e04,inferred-compatible,descendant-release,,v0.5.0
a963c3024b7d8f46ef20b9a6b2c1963b83a8ebb3,2019-07-03T04:10:16-04:00,,0.4.0,cleanup,b05aa9aeaa82a9451c05c3cca3d4831b40710e04,inferred-compatible,descendant-release,,v0.5.0
20fd4fade285baeb9a1e500fea73a4118a1139d2,2019-07-03T04:10:23-04:00,,0.4.0,start lexicon adding,b05aa9aeaa82a9451c05c3cca3d4831b40710e04,inferred-compatible,descendant-release,,v0.5.0
cb7c8d9322f2b0ef1ea977cbd3cbb65567dcce1a,2019-07-05T04:33:21-04:00,,0.4.0,finish preliminary lexicon adding,b05aa9aeaa82a9451c05c3cca3d4831b40710e04,inferred-compatible,descendant-release,,v0.5.0
d0cb7d9af5a5422265db75ceb1892584f17b6146,2019-07-06T02:03:52-04:00,,0.4.0,refactor rule compilation & reloading,b05aa9aeaa82a9451c05c3cca3d4831b40710e04,inferred-compatible,descendant-release,,v0.5.0
28bcac3d618409b7a001bfc80680a1de8e090548,2019-07-07T09:40:25-04:00,,0.4.0,add initial user_lexicon support,b05aa9aeaa82a9451c05c3cca3d4831b40710e04,inferred-compatible,descendant-release,,v0.5.0
1382308d5b99f363ba53fc52c1ff916745f65492,2019-07-08T09:56:48-04:00,,0.4.0,update readme,b05aa9aeaa82a9451c05c3cca3d4831b40710e04,inferred-compatible,descendant-release,,v0.5.0
4d0f648d8706c737558c193bf76c4b740ce7eb84,2019-07-09T09:48:22-04:00,,0.4.0,continue user_lexicon,b05aa9aeaa82a9451c05c3cca3d4831b40710e04,inferred-compatible,descendant-release,,v0.5.0
907643a2f9bb37fd7805861133c4528652fa1d7a,2019-07-11T09:52:08-04:00,,0.4.0,continue user_lexicon,b05aa9aeaa82a9451c05c3cca3d4831b40710e04,inferred-compatible,descendant-release,,v0.5.0
c11a426493eb46cebf35dac319465af0367a2800,2019-07-12T01:18:11-04:00,,0.4.0,cleanup,b05aa9aeaa82a9451c05c3cca3d4831b40710e04,inferred-compatible,descendant-release,,v0.5.0
c153ee42cc0f5d49271e9a717196675633fc6f74,2019-07-12T04:40:58-04:00,,0.4.0,fix live adding to user_lexicon,767103b16f2cdb93977c13261bd575fd8cae11d5,correlated,semantic-pair,,matching cross-repo change
47cfb750875550449d3834487a706fa8f29ee429,2019-07-12T05:36:42-04:00,,0.4.0,lazify some compilation,b05aa9aeaa82a9451c05c3cca3d4831b40710e04,inferred-compatible,descendant-release,,v0.5.0
88de3bb910131a0a76fa4dd052ebaacb212465d0,2019-07-12T05:41:21-04:00,,0.4.0,cleanup,b05aa9aeaa82a9451c05c3cca3d4831b40710e04,inferred-compatible,descendant-release,,v0.5.0
71a3838862c6b5a2ad68f3d16c81b9f0bccc27f8,2019-07-12T06:42:59-04:00,v0.5.0,0.5.0,bump version,b05aa9aeaa82a9451c05c3cca3d4831b40710e04,artifact,release,,v0.5.0
822f0aa9d3a6dba827fb8500e016672f84033c29,2019-07-17T04:49:14-04:00,v0.5.1,0.5.1,fix minor bug,b05aa9aeaa82a9451c05c3cca3d4831b40710e04,artifact,release,,v0.5.1
32f4b827bd020b2c0e9899e7325eb238202bd10c,2019-07-17T06:15:35-04:00,v0.5.2,0.5.2,add stopgap fix for unicode rules,b05aa9aeaa82a9451c05c3cca3d4831b40710e04,artifact,release,,v0.5.2
9a636c305dd46c805a6b4072e0de31934c18fc06,2019-07-17T06:41:29-04:00,,0.5.2,add generate_pronunciation error handling,b05aa9aeaa82a9451c05c3cca3d4831b40710e04,inferred-compatible,descendant-release,,v0.5.3
8cf6081cb35f68430356a4bfa0f36e28ad275999,2019-07-18T01:53:27-04:00,v0.5.3,0.5.3,fix CLI add_word regression,b05aa9aeaa82a9451c05c3cca3d4831b40710e04,artifact,release,,v0.5.3
ae6bff11649222df56a7e585d402391053511488,2019-07-26T04:05:36-04:00,,0.6.0,fix Repetition optimize,76c140c478b87b98592ad89481dbf48b2f9c6f55,inferred-compatible,descendant-release,,v0.6.0
f59b0ca463252b6185415c98e7b9093c502dd6e2,2019-07-27T05:26:49-04:00,,0.6.0,update readme,76c140c478b87b98592ad89481dbf48b2f9c6f55,inferred-compatible,descendant-release,,v0.6.0
dd18d18df820dc7de0d515d31205696464f31c89,2019-07-27T05:30:39-04:00,,0.6.0,add debugging for graph compilation,76c140c478b87b98592ad89481dbf48b2f9c6f55,inferred-compatible,descendant-release,,v0.6.0
6bcef4312c1aa1fabee51c79e2b96d39b7160a1f,2019-07-27T06:13:31-04:00,,0.6.0,fix filecache bug,76c140c478b87b98592ad89481dbf48b2f9c6f55,inferred-compatible,descendant-release,,v0.6.0
20a3c9fa2006de357cf46d49e91781be500975f1,2019-07-27T08:30:08-04:00,,0.6.0,fix user lexicon update bug,76c140c478b87b98592ad89481dbf48b2f9c6f55,inferred-compatible,descendant-release,,v0.6.0
572b4701986951b0abe907a9db13d9cd15b50aab,2019-07-29T09:32:56-04:00,,0.6.0,cleanup,76c140c478b87b98592ad89481dbf48b2f9c6f55,inferred-compatible,descendant-release,,v0.6.0
97a995a100cc0a6b0acf4c60ad492cf98387cb86,2019-08-02T04:58:27-04:00,,0.6.0,fix rule id allocation & verification bugs,76c140c478b87b98592ad89481dbf48b2f9c6f55,inferred-compatible,descendant-release,,v0.6.0
c90eae48ef3c4e6380fc839f418a3f7cc8c08cb8,2019-08-02T06:43:29-04:00,,0.6.0,Handle Kaldi Repetition optimize failure case,76c140c478b87b98592ad89481dbf48b2f9c6f55,inferred-compatible,descendant-release,,v0.6.0
67dd2dff1e90222dd9a7f378f669570b12f5351b,2019-08-03T00:45:15-04:00,,0.6.0,fix handling of rules with ambiguous dictation + literals,76c140c478b87b98592ad89481dbf48b2f9c6f55,inferred-compatible,descendant-release,,v0.6.0
46158ae3d1d15c4e92fce70671be3e855d12358e,2019-08-03T04:25:33-04:00,,0.6.0,refactor file caching,76c140c478b87b98592ad89481dbf48b2f9c6f55,inferred-compatible,descendant-release,,v0.6.0
4c468c416afd35e24194fcc23b67d043701140a0,2019-08-03T06:10:56-04:00,,0.6.0,fix file caching of dependencies,76c140c478b87b98592ad89481dbf48b2f9c6f55,inferred-compatible,descendant-release,,v0.6.0
c355de2ae277eaa65e0b52b1c78ccfe94f062a84,2019-08-03T06:12:38-04:00,v0.6.0,0.6.0,add lazy processing after adding word,76c140c478b87b98592ad89481dbf48b2f9c6f55,artifact,release,,v0.6.0
a428d1e35b3eeacb0fba40dd39abc1fba1c582b7,2019-08-09T04:23:59-04:00,,0.7.0,improve file caching between versions,f16c8529bfe0078f3022297959ab6bbcb14ce740,inferred-compatible,descendant-release,,v0.7.0
348d64e53bde3e884679e3053f35e1c1d24cb6d4,2019-08-09T04:24:36-04:00,,0.7.0,cleanup,f16c8529bfe0078f3022297959ab6bbcb14ce740,inferred-compatible,descendant-release,,v0.7.0
5f4adabd04b281df707c3a4199e8d037a2a89844,2019-08-09T04:25:29-04:00,,0.7.0,start partial decoding,f16c8529bfe0078f3022297959ab6bbcb14ce740,inferred-compatible,descendant-release,,v0.7.0
5f4eaa76acefeb04aa2c7dc0fd42221615101286,2019-08-10T06:30:40-04:00,,0.7.0,fix partial decoding,f16c8529bfe0078f3022297959ab6bbcb14ce740,inferred-compatible,descendant-release,,v0.7.0
11b9762c62d4f99cdf6f3a4799ff1af3321e3822,2019-08-11T09:59:52-04:00,,0.7.0,update README,f16c8529bfe0078f3022297959ab6bbcb14ce740,inferred-compatible,descendant-release,,v0.7.0
02bdec2dcadf54d338ec65b677a79fa2c2c1b12d,2019-08-14T03:29:26-04:00,,0.7.0,handle spaces in paths,f16c8529bfe0078f3022297959ab6bbcb14ce740,inferred-compatible,descendant-release,,v0.7.0
ba6b3bcdcb2bc5431c6d2a8c9ec41b9fdd2d0c23,2019-08-16T21:24:13-04:00,,0.7.0,cleanup,f16c8529bfe0078f3022297959ab6bbcb14ce740,inferred-compatible,descendant-release,,v0.7.0
a471f9e5726581a600becfebf68f84d55998c4e8,2019-08-16T21:24:59-04:00,,0.7.0,change default tmp directory,f16c8529bfe0078f3022297959ab6bbcb14ce740,inferred-compatible,descendant-release,,v0.7.0
969e5aece28909244889a949daeee9c2b9a83048,2019-08-16T21:28:46-04:00,,0.7.0,eliminate separate nonterm_begin/end.fst,f16c8529bfe0078f3022297959ab6bbcb14ce740,inferred-compatible,descendant-release,,v0.7.0
56df0547406290e3eaa6626bd025c116b5606d57,2019-08-16T22:11:37-04:00,,0.7.0,cleanup,f16c8529bfe0078f3022297959ab6bbcb14ce740,inferred-compatible,descendant-release,,v0.7.0
bd0a5f7ba2ec01db3d5ed612f3675923a9983686,2019-08-17T06:42:59-04:00,,0.7.0,refactor FST/file caching,f16c8529bfe0078f3022297959ab6bbcb14ce740,inferred-compatible,descendant-release,,v0.7.0
9b34dc29aa3c49c8e1d13f6d628f8218a6c2494b,2019-08-17T06:47:40-04:00,,0.7.0,remove Compiler.fst_filenames_set,f16c8529bfe0078f3022297959ab6bbcb14ce740,inferred-compatible,descendant-release,,v0.7.0
3fd91c2d8f387d5f49169e4111583162df97f960,2019-08-18T09:42:43-04:00,,0.7.0,simplify FST/file caching,f16c8529bfe0078f3022297959ab6bbcb14ce740,inferred-compatible,descendant-release,,v0.7.0
5ad08921d633e14d6b32b5c18d727ba69b6e73d3,2019-08-18T09:47:34-04:00,,0.7.0,prepare parallel compiling,f16c8529bfe0078f3022297959ab6bbcb14ce740,inferred-compatible,descendant-release,,v0.7.0
89efb53c920d053374257b46cc8ba216126ae459,2019-08-19T09:41:45-04:00,,0.7.0,temporary fix auto pronunciation with multiple results,f16c8529bfe0078f3022297959ab6bbcb14ce740,inferred-compatible,descendant-release,,v0.7.0
594aa83b23dc8e16b0429d1892060f9af7ab18fc,2019-08-20T09:44:38-04:00,,0.7.0,fix auto pronunciation with multiple results,f16c8529bfe0078f3022297959ab6bbcb14ce740,inferred-compatible,descendant-release,,v0.7.0
9d701c68e1a7687a0ef276036164cadf1e045320,2019-08-24T06:26:59-04:00,,0.7.0,refactor FST/file caching,f16c8529bfe0078f3022297959ab6bbcb14ce740,inferred-compatible,descendant-release,,v0.7.0
49d2dd050267dad23339922f0782a51001adb696,2019-08-24T06:26:59-04:00,,0.7.0,complete parallel compiling,f16c8529bfe0078f3022297959ab6bbcb14ce740,inferred-compatible,descendant-release,,v0.7.0
ce35a06771ebb655c6bbb2083e3581b8777d2ad2,2019-08-24T06:26:59-04:00,v0.7.0,0.7.0,quiet fstaddselfloops,f16c8529bfe0078f3022297959ab6bbcb14ce740,artifact,release,,v0.7.0
d4d9e334bcbfc2e85f579bf40af50ab5e990bcac,2019-08-24T06:27:40-04:00,,0.7.0,fix debug_timer threading,f16c8529bfe0078f3022297959ab6bbcb14ce740,inferred-compatible,descendant-release,,v0.7.1
5f3024b207a38a95bbdc53e818843ed0a0d5130e,2019-08-24T06:50:31-04:00,v0.7.1,0.7.1,bump version,f16c8529bfe0078f3022297959ab6bbcb14ce740,artifact,release,,v0.7.1
54e5832fe8e75f8e00059bd3fbfed7cb7c9cae71,2019-08-27T22:12:12-04:00,,0.7.1,update documentation,f16c8529bfe0078f3022297959ab6bbcb14ce740,inferred-compatible,descendant-release,,v0.7.2
5c15b428b7699584c46953cc4b34de6c582ec483,2019-08-30T05:32:17-04:00,,0.7.2,bump version,f16c8529bfe0078f3022297959ab6bbcb14ce740,inferred-compatible,descendant-release,,v0.7.2
4ebeb230c2e65bc88b9b25b4ced73e3fa3264e86,2019-08-30T09:27:20-04:00,v0.7.2,0.7.2,fix reloading bug,f16c8529bfe0078f3022297959ab6bbcb14ce740,artifact,release,,v0.7.2
ffeedfa3216d45a28430011fc756a8f2dd555d60,2019-09-06T03:14:18-04:00,,0.7.3,fix bug destroying a rule before it is loaded,6025e5b9c62bc84b918c8533c6895f75dd62ab62,inferred-compatible,descendant-release,,v0.7.3
4ef3bc021bc230e450adf93af7c383ad2254f67b,2019-09-06T03:33:41-04:00,,0.7.3,add cloud dictation language option,6025e5b9c62bc84b918c8533c6895f75dd62ab62,inferred-compatible,descendant-release,,v0.7.3
b5f06fb25dcc9405d6987f261c5e5f1758185e71,2019-09-06T04:54:29-04:00,,0.7.3,optimize compiling,6025e5b9c62bc84b918c8533c6895f75dd62ab62,inferred-compatible,descendant-release,,v0.7.3
29de12b2c5b24838205f59d777a68b202e84c3d1,2019-09-06T05:09:19-04:00,,0.7.3,optimize compiling more,6025e5b9c62bc84b918c8533c6895f75dd62ab62,inferred-compatible,descendant-release,,v0.7.3
7dc217a1afa7b31b2f1ac2ae797a6eeba624de64,2019-09-06T05:39:00-04:00,v0.7.3,0.7.3,fix reloading issues,6025e5b9c62bc84b918c8533c6895f75dd62ab62,artifact+tag,release,kag-v0.7.3,v0.7.3
37bf527cb4ec73fad732f98908592f1c6c1aa5a4,2019-09-07T06:45:57-04:00,v0.7.4,0.7.4,fix lazy loading issue,6025e5b9c62bc84b918c8533c6895f75dd62ab62,artifact,release,,v0.7.4
06354560ea81ee73366a108be8ea3be7b5023e7b,2019-08-31T03:05:31-04:00,,0.7.2,refactor WFST,2892b0ebe851d12fd8db004b7a2947204d99a157,inferred-compatible,descendant-release,,v1.0.0
f2f014cdf6cc500bd3d517d9a3c8e90490eee73a,2019-08-31T03:06:05-04:00,,0.7.2,add initial WFST parsing,2892b0ebe851d12fd8db004b7a2947204d99a157,inferred-compatible,descendant-release,,v1.0.0
d1663bb9d62e177017107ce81ecf0c916e01e171,2019-09-03T10:03:42-04:00,,0.7.2,optimize WFST parsing,2892b0ebe851d12fd8db004b7a2947204d99a157,inferred-compatible,descendant-release,,v1.0.0
5e74de261cc224f8f65f26255912d628655894a8,2019-09-06T02:39:50-04:00,,0.7.2,optimize WFST parsing more,2892b0ebe851d12fd8db004b7a2947204d99a157,inferred-compatible,descendant-release,,v1.0.0
29402258e6e50e1864cfdb21d01cf64778b791c2,2019-09-07T03:29:04-04:00,,0.7.3,Merge branch 'master' into develop,2892b0ebe851d12fd8db004b7a2947204d99a157,inferred-compatible,descendant-release,,v1.0.0
21313bcd1e6bd456c29cf1fd9441ecb4aded72ff,2019-09-07T04:46:22-04:00,,0.7.3,fix WFST parsing with eps_disambig,2892b0ebe851d12fd8db004b7a2947204d99a157,inferred-compatible,descendant-release,,v1.0.0
a8f640a549b8d473f54d7e6918f25137b455f036,2019-09-07T06:03:45-04:00,,0.7.3,add WFST parsing support for dictation,2892b0ebe851d12fd8db004b7a2947204d99a157,inferred-compatible,descendant-release,,v1.0.0
d45e81d55f2e240fb925378f70202c5459260cd9,2019-09-07T06:19:55-04:00,,0.7.3,fix WFST parsing support for dictation,2892b0ebe851d12fd8db004b7a2947204d99a157,inferred-compatible,descendant-release,,v1.0.0
1fc707ce095fabda654acd3bbb43edbefa2d3670,2019-09-07T08:49:06-04:00,,0.7.4,fix lazy loading issue,2892b0ebe851d12fd8db004b7a2947204d99a157,inferred-compatible,descendant-release,,v1.0.0
975a4f2a016fb08e89a64736898ae32988f7a09f,2019-09-11T09:58:35-04:00,,0.7.4,remove pyparsing dependency,2892b0ebe851d12fd8db004b7a2947204d99a157,inferred-compatible,descendant-release,,v1.0.0
43bc7201da3bc151b4c7b9eff603c1761d78ae86,2019-09-11T10:05:45-04:00,,0.7.4,refactor wrappers,2892b0ebe851d12fd8db004b7a2947204d99a157,inferred-compatible,descendant-release,,v1.0.0
a5dfd6ecab76f302d3cc584025a175dad1340c78,2019-09-13T06:40:20-04:00,,0.7.4,Merge branch 'develop',2892b0ebe851d12fd8db004b7a2947204d99a157,inferred-compatible,descendant-release,,v1.0.0
655e93ab4dddda1b4a6770070ae5edf66decfdb5,2019-09-13T06:41:20-04:00,,0.7.4,update readme,2892b0ebe851d12fd8db004b7a2947204d99a157,inferred-compatible,descendant-release,,v1.0.0
cdd43408cc5e42bf5fbf9b3258ee580bdc6689c6,2019-09-15T10:16:18-04:00,,0.8.0,cleanup,2892b0ebe851d12fd8db004b7a2947204d99a157,inferred-compatible,descendant-release,,v1.0.0
a65de027a97c6a1300ac828401e0f63978ab0146,2019-09-18T03:56:29-04:00,,0.8.0,fix FSTFileCache invalidation,2892b0ebe851d12fd8db004b7a2947204d99a157,inferred-compatible,descendant-release,,v1.0.0
8ca273899ba71e39b1b9858c2ca607552b419056,2019-09-18T06:02:33-04:00,,0.8.0,cleanup wrapper interface,2892b0ebe851d12fd8db004b7a2947204d99a157,inferred-compatible,descendant-release,,v1.0.0
6dccc8e6a4db42f323c6925ba49ea501fc700ea5,2019-09-18T06:02:47-04:00,,0.8.0,improve WFST.has_eps_path,2892b0ebe851d12fd8db004b7a2947204d99a157,inferred-compatible,descendant-release,,v1.0.0
1e119845d86870b1ba47eea5824b27fc67bca2d7,2019-09-18T06:38:25-04:00,,0.8.0,fix WFST.has_eps_path,2892b0ebe851d12fd8db004b7a2947204d99a157,inferred-compatible,descendant-release,,v1.0.0
2d12e4c0148e5d76687404af3d733ed21c0b756e,2019-09-20T05:00:37-04:00,,0.8.0,improve logging,2892b0ebe851d12fd8db004b7a2947204d99a157,inferred-compatible,descendant-release,,v1.0.0
a75944fec533dfb71ae8f6fc0b0723289a9b57c2,2019-09-21T01:55:09-04:00,,0.8.0,refactor WFST weights,2892b0ebe851d12fd8db004b7a2947204d99a157,inferred-compatible,descendant-release,,v1.0.0
9ec64412c8ba6df96c630e1bc6f1e765d5f99f92,2019-09-21T02:38:59-04:00,,0.8.0,modify weight normalization,2892b0ebe851d12fd8db004b7a2947204d99a157,inferred-compatible,descendant-release,,v1.0.0
9d7403662d8d7e7654eba2667d2a8777465a24fe,2019-09-21T06:33:55-04:00,,0.8.0,fix imports for python3,2892b0ebe851d12fd8db004b7a2947204d99a157,inferred-compatible,descendant-release,,v1.0.0
e568ed371058917a5b96c28b52f558fc94894f68,2019-09-21T08:44:32-04:00,,0.8.0,add initial plain dictation support,2892b0ebe851d12fd8db004b7a2947204d99a157,inferred-compatible,descendant-release,,v1.0.0
7048185a332d6658b7618bebc711f8d005a692b4,2019-09-25T02:10:57-04:00,,0.8.0,convert to python3 using python-modernize,2892b0ebe851d12fd8db004b7a2947204d99a157,inferred-compatible,descendant-release,,v1.0.0
d0a7893f4b2ca205cf90bb68d05f99882ae61aa6,2019-09-25T04:09:33-04:00,,0.8.0,fix file.open encoding handling for python3,2892b0ebe851d12fd8db004b7a2947204d99a157,inferred-compatible,descendant-release,,v1.0.0
7a9802540f3687fc2c0d93b8481bea94c3b201c0,2019-09-27T02:06:17-04:00,,0.8.0,fix many unicode issues,2892b0ebe851d12fd8db004b7a2947204d99a157,inferred-compatible,descendant-release,,v1.0.0
ebd3dcb19570691ce6c78bbec2ac8542c502f5e6,2019-09-27T05:49:16-04:00,,0.8.0,fix many python2/3 issues,2892b0ebe851d12fd8db004b7a2947204d99a157,inferred-compatible,descendant-release,,v1.0.0
182e7390c9019e630d7958d56ac4deb5388be4eb,2019-09-27T06:05:03-04:00,,0.8.0,generalize alternate dictation,2892b0ebe851d12fd8db004b7a2947204d99a157,inferred-compatible,descendant-release,,v1.0.0
f91edb2066f8530ec6718764260d6a112e50a4b2,2019-09-28T04:37:42-04:00,,0.8.0,fix multiple initialization errors,2892b0ebe851d12fd8db004b7a2947204d99a157,inferred-compatible,descendant-release,,v1.0.0
1c5f5d74caa66cd89f9d87d7a09e24d340b73e90,2019-09-28T04:37:47-04:00,,0.8.0,cleanup,2892b0ebe851d12fd8db004b7a2947204d99a157,inferred-compatible,descendant-release,,v1.0.0
70ee68754015229fbdf0ee7fc02bc4972e8e0b19,2019-09-28T04:37:47-04:00,,1.0.0,bump version,2892b0ebe851d12fd8db004b7a2947204d99a157,inferred-compatible,descendant-release,,v1.0.0
aa44e475847de058babf937a857469ba4ca3d4e8,2019-09-29T04:39:12-04:00,v1.0.0,1.0.0,fix typo,2892b0ebe851d12fd8db004b7a2947204d99a157,artifact,release,,v1.0.0
78643522ff2affc88739db48ae175db2a0e96caf,2019-10-12T15:38:31+02:00,,1.0.0,Fix indexing with floats on cloud dictation,857fd5f2fe2e2c0df6f134fb8b70427158729d68,inferred-compatible,descendant-release,,v1.0.1
dfc95ba532774b08608929a423c89cbaf8ac4c18,2019-10-24T22:34:46-04:00,,1.0.0,Merge pull request #4 from comodoro/patch-1,857fd5f2fe2e2c0df6f134fb8b70427158729d68,inferred-compatible,descendant-release,,v1.0.1
a11818dacd73ac405f4e14c8bc52c807d95da32d,2019-10-25T01:58:03-04:00,,1.0.0,clean up float handling in wrapper,857fd5f2fe2e2c0df6f134fb8b70427158729d68,inferred-compatible,descendant-release,,v1.0.1
2b1318f25fba02e232c06388d5e2a6ef1985aeda,2019-10-25T03:01:12-04:00,,1.0.0,generalize wrapper library loading,857fd5f2fe2e2c0df6f134fb8b70427158729d68,inferred-compatible,descendant-release,,v1.0.1
a9ea7e4408af9b7c8bb77c22b4f4cc0f54346826,2019-10-25T03:07:32-04:00,,1.0.0,clean up wrapper library loading,857fd5f2fe2e2c0df6f134fb8b70427158729d68,inferred-compatible,descendant-release,,v1.0.1
6c65819d6d158d8a8c682c8a1ef5ad54550069e1,2019-10-15T18:41:45-07:00,,1.0.0,fix: changed static python binding to sys.executable in utils.py,857fd5f2fe2e2c0df6f134fb8b70427158729d68,inferred-compatible,descendant-release,,v1.0.1
ba41bba5d56b736a2eafa4e2e92b7422ad69ba61,2019-10-25T03:11:57-04:00,,1.0.0,Merge pull request #6 from M3TIOR/master,857fd5f2fe2e2c0df6f134fb8b70427158729d68,inferred-compatible,descendant-release,,v1.0.1
3c0fb8611517dfdfa23c695b2c675dfc84e8fcba,2019-10-25T03:17:30-04:00,,1.0.0,add API to immediately save adaptation state,857fd5f2fe2e2c0df6f134fb8b70427158729d68,correlated,semantic-pair,,matching cross-repo change
5c09f4a251fe44768b521962869eb69bb3cb1aa1,2019-10-25T04:24:56-04:00,v1.0.1,1.0.1,bump version,857fd5f2fe2e2c0df6f134fb8b70427158729d68,artifact,release,,v1.0.1
f1032587511e9ed14a51f8ef01aa659a4af859e4,2019-11-09T09:24:34-05:00,,1.0.1,"improve WFST text generation, and add logging of it",335e3b39a512878532396802cc750efe4fa98acf,inferred-compatible,descendant-release,,v1.0.2
38c516e980f7d06b6a37000c1a7598f51e2fd372,2019-11-11T09:47:57-05:00,,1.0.1,add github sponsor button,335e3b39a512878532396802cc750efe4fa98acf,inferred-compatible,descendant-release,,v1.0.2
3701b043ef821377b332891b5d0044fe33feb19c,2019-11-11T10:42:04-05:00,,1.0.1,update README,335e3b39a512878532396802cc750efe4fa98acf,inferred-compatible,descendant-release,,v1.0.2
ab9ab59268df229d248bce9d6b27261f7b2d2e31,2019-11-12T02:16:48-05:00,,1.0.1,fix deprecated time.clock(),335e3b39a512878532396802cc750efe4fa98acf,inferred-compatible,descendant-release,,v1.0.2
3b8d66e7b344c64774aee2bc24356186f9d8c31f,2019-11-13T04:25:20-05:00,,1.0.1,update readme,335e3b39a512878532396802cc750efe4fa98acf,inferred-compatible,descendant-release,,v1.0.2
2d412d05731af259c0a02c3ec43580e61973effd,2019-11-13T04:26:35-05:00,v1.0.2,1.0.2,bump version,335e3b39a512878532396802cc750efe4fa98acf,artifact,release,,v1.0.2
0adab3473f3f9eda1aae63d749da6d46c83693ff,2019-11-13T10:21:43-05:00,,1.0.2,update readme,335e3b39a512878532396802cc750efe4fa98acf,inferred-compatible,descendant-release,,v1.0.3
d09ab0e621254dde833b6dc857d5c81e8cfcdc0d,2019-11-27T06:25:57-05:00,v1.0.3,1.0.3,fix not clearing _fst_text cache during rule reload,335e3b39a512878532396802cc750efe4fa98acf,artifact,release,,v1.0.3
392b7e8c89ef36b12fa91b2d29d4eaa36710134c,2019-11-29T05:11:44-05:00,v1.0.4,1.0.4,bump version for new binaries,1b694905e5c9d686cf8e3e1354ffb0e3d67378f6,artifact,release,,v1.0.4
3a9024b0005ba13bbe2263e30a0dd081e1fd369b,2019-11-30T05:10:31-05:00,,1.0.4,implement compiling plain dictation FSTs,1b694905e5c9d686cf8e3e1354ffb0e3d67378f6,inferred-compatible,descendant-release,,v1.1.0
e1019211422e37faff559a1929b0a5c8d2e4a258,2019-12-05T04:10:02-05:00,,1.0.4,"fix WFST final states, for matching",1b694905e5c9d686cf8e3e1354ffb0e3d67378f6,inferred-compatible,descendant-release,,v1.1.0
4315173430c33e82be193fafbb63511763275848,2019-12-05T04:10:39-05:00,,1.0.4,remove weight normalization,1b694905e5c9d686cf8e3e1354ffb0e3d67378f6,inferred-compatible,descendant-release,,v1.1.0
574d161ccd1e3f32633d08c66237266e973097c8,2019-12-07T01:51:56-05:00,,1.0.4,improve plain dictation interface,1b694905e5c9d686cf8e3e1354ffb0e3d67378f6,inferred-compatible,descendant-release,,v1.1.0
8eb9e8b29eba509780936d761bad87bff91a6f0f,2019-12-07T03:14:34-05:00,,1.0.4,disable wrapper save_adaptation_state by default,1b694905e5c9d686cf8e3e1354ffb0e3d67378f6,inferred-compatible,descendant-release,,v1.1.0
50cfb310cf8a9202df48e6d4b4b8411b0b2f04cc,2019-12-07T03:22:07-05:00,,1.0.4,generalize plain dictation interface for HCLG.fst or KaldiAG dictation,1b694905e5c9d686cf8e3e1354ffb0e3d67378f6,inferred-compatible,descendant-release,,v1.1.0
cb66d121866f1f5141b400817aac15953faf17a6,2019-12-07T03:26:07-05:00,,1.0.4,update readme,1b694905e5c9d686cf8e3e1354ffb0e3d67378f6,inferred-compatible,descendant-release,,v1.1.0
21f40cd4d7b4f43c3d9a441281d03ae81864821b,2019-12-07T04:26:32-05:00,,1.0.4,make cached files be touched with updated timestamps,1b694905e5c9d686cf8e3e1354ffb0e3d67378f6,inferred-compatible,descendant-release,,v1.1.0
179f4f5920362ca41fcb16b54e6dc19fc0060cfd,2019-12-07T04:29:28-05:00,,1.0.4,update readme,1b694905e5c9d686cf8e3e1354ffb0e3d67378f6,inferred-compatible,descendant-release,,v1.1.0
c0dc645220b02c280bed2749b88616bde8a508ed,2019-12-15T01:23:14-05:00,,1.0.4,tweak logging,1b694905e5c9d686cf8e3e1354ffb0e3d67378f6,inferred-compatible,descendant-release,,v1.1.0
a2dad2f6a021814bd55b2d62d40c2a19a7bee986,2019-12-15T01:26:34-05:00,v1.1.0,1.1.0,bump version,1b694905e5c9d686cf8e3e1354ffb0e3d67378f6,artifact,release,,v1.1.0
d3eb16bbee02bb25419d1aecb820480ceb751710,2019-12-16T02:59:07-05:00,,1.1.0,update readme,1b694905e5c9d686cf8e3e1354ffb0e3d67378f6,inferred-compatible,descendant-release,,v1.2.0
95a74fa04ba8aab460f78f6d7ab402c08861908c,2019-12-21T01:53:40-05:00,,1.1.0,change default model directory to 'kaldi_model',1b694905e5c9d686cf8e3e1354ffb0e3d67378f6,inferred-compatible,descendant-release,,v1.2.0
2ad84f1e5ad26d7b4dffbff11fe74f8c6b8ae0a0,2019-12-21T02:07:25-05:00,,1.1.0,rename cloud dictation to alternative dictation,1b694905e5c9d686cf8e3e1354ffb0e3d67378f6,inferred-compatible,descendant-release,,v1.2.0
6c94b19d8cedb59fde6b58ba5baed5555557cb28,2019-12-21T02:19:33-05:00,v1.2.0,1.2.0,bump version,1b694905e5c9d686cf8e3e1354ffb0e3d67378f6,artifact,release,,v1.2.0
86e2a78721496531629c949efec16f882ec35767,2019-12-22T01:37:06-05:00,,1.2.1,fix model loading and file generation issues,fa6c73cbd7409a1b9512c34f68eb6a7281797ed9,inferred-compatible,descendant-release,,v1.3.0
d640659b5008651e8b2291933add692f12947efd,2020-01-05T01:34:57-05:00,,1.2.1,update readme,fa6c73cbd7409a1b9512c34f68eb6a7281797ed9,inferred-compatible,descendant-release,,v1.3.0
9ceb470c878fe4480da76853e4677064bfcccf30,2020-01-06T22:11:58-05:00,,1.2.1,improve model handling & generation,fa6c73cbd7409a1b9512c34f68eb6a7281797ed9,inferred-compatible,descendant-release,,v1.3.0
acc8dbf60f219bc6fe91a73424c230e95cfe4b79,2020-01-07T10:28:24-05:00,,1.2.1,add notes,fa6c73cbd7409a1b9512c34f68eb6a7281797ed9,inferred-compatible,descendant-release,,v1.3.0
892ab77b624ae9446d106fb60114d68d69220be9,2020-01-07T10:29:01-05:00,,1.2.1.dev1,fix phone conversion for diphthongs,fa6c73cbd7409a1b9512c34f68eb6a7281797ed9,inferred-compatible,descendant-release,,v1.3.0
07d57dc27048d2297e8a293d25a9038880ee90f3,2020-01-08T02:43:51-05:00,,1.2.1.dev1,add missing base files to file list,fa6c73cbd7409a1b9512c34f68eb6a7281797ed9,inferred-compatible,descendant-release,,v1.3.0
cbcbe945e8544a4c1d03834f8b7a2179955f4f0a,2020-01-11T03:33:08-05:00,,1.2.1.dev1,add donation message,fa6c73cbd7409a1b9512c34f68eb6a7281797ed9,inferred-compatible,descendant-release,,v1.3.0
e0d884a76cfd4f0283beac1f1a5a332b4f9f459b,2020-01-11T06:05:52-05:00,,1.2.1.dev1,refactor donation message,fa6c73cbd7409a1b9512c34f68eb6a7281797ed9,inferred-compatible,descendant-release,,v1.3.0
a220c5d66cd31f2c54b68bb00f74e7d206fc57dd,2020-01-11T06:05:54-05:00,,1.2.1.dev1,expand debug logging of cache loading invalidation,fa6c73cbd7409a1b9512c34f68eb6a7281797ed9,inferred-compatible,descendant-release,,v1.3.0
d6c1036cbec376c57b662b31ccd7ba06fc4f9be3,2020-01-11T06:05:54-05:00,,1.2.1.dev1,add support for loading user_lexicon from CWD into model's user_lexicon,fa6c73cbd7409a1b9512c34f68eb6a7281797ed9,inferred-compatible,descendant-release,,v1.3.0
efe140889e775eab7f03b0c3201fc899d49e375e,2020-01-11T06:05:54-05:00,,1.2.1.dev1,improve error handling of missing phones,fa6c73cbd7409a1b9512c34f68eb6a7281797ed9,inferred-compatible,descendant-release,,v1.3.0
65db2906b815f4abc5aec67b3daf4086bf1f811d,2020-01-11T06:05:54-05:00,,1.2.1.dev1,remove unused exec files,fa6c73cbd7409a1b9512c34f68eb6a7281797ed9,inferred-compatible,descendant-release,,v1.3.0
72e3fdbabf5ff8856d92b80611fdd48d178c138e,2020-01-11T06:05:54-05:00,v1.3.0,1.3.0,bump version,fa6c73cbd7409a1b9512c34f68eb6a7281797ed9,artifact,release,,v1.3.0
d72ae1859abeaca56c1b4b9c737cc4a93bc85fba,2020-01-12T10:07:11-05:00,,1.3.0,update readme,3802e4c43eddd74e75097b1f7f4dfd0a9e3fcde4,inferred-compatible,descendant-release,,v1.4.0
922d8c0c1c4436875274f88bcdbc82fa5bcda12c,2020-01-14T01:35:43-05:00,,1.3.0,update readme,3802e4c43eddd74e75097b1f7f4dfd0a9e3fcde4,inferred-compatible,descendant-release,,v1.4.0
933101be88b2c27768df356ad16b568d2a6c55db,2020-01-15T05:28:35-05:00,,1.3.0,update readme,3802e4c43eddd74e75097b1f7f4dfd0a9e3fcde4,inferred-compatible,descendant-release,,v1.4.0
a2ede0e7e2906f18bd9ee335c2e018fcd24fa636,2020-01-25T21:15:19-05:00,,1.3.0,cleanup,3802e4c43eddd74e75097b1f7f4dfd0a9e3fcde4,inferred-compatible,descendant-release,,v1.4.0
c7b4a118d4ebb2a0dffed63121f998e9b2192924,2020-01-25T21:16:34-05:00,,1.3.0,remove explicit support for python 3.4 & 3.5,3802e4c43eddd74e75097b1f7f4dfd0a9e3fcde4,inferred-compatible,descendant-release,,v1.4.0
6fbbef9ad9c5b41bc393a40e2aa6aec5469d4ff7,2020-01-25T21:19:44-05:00,,1.3.0,fix deprecated time.clock(); adjust logging of decoding times,3802e4c43eddd74e75097b1f7f4dfd0a9e3fcde4,inferred-compatible,descendant-release,,v1.4.0
b47b44a92110be1446294460cad3cfa43c62e92c,2020-02-22T06:38:15-05:00,,1.3.0,cleanup,3802e4c43eddd74e75097b1f7f4dfd0a9e3fcde4,inferred-compatible,descendant-release,,v1.4.0
464c1ee772f4e487de3f86a616309b4f68392a2d,2020-02-24T22:32:20-05:00,,1.3.0,add model comparison,3802e4c43eddd74e75097b1f7f4dfd0a9e3fcde4,inferred-compatible,descendant-release,,v1.4.0
c83c9361b2dab43dd03dab6b87cdac0c607acb1a,2020-02-26T05:53:39-05:00,,1.4.0,bump version for ambiguous graph compilation fix,3802e4c43eddd74e75097b1f7f4dfd0a9e3fcde4,inferred-compatible,descendant-release,,v1.4.0
646a7b08314b88381bf081a9b914511c2ea764bf,2020-02-09T11:28:02+01:00,,1.3.0,Automate building kaldi engine binaries as setup dependencies,3802e4c43eddd74e75097b1f7f4dfd0a9e3fcde4,inferred-compatible,descendant-release,origin/dragonfly,v1.4.0
941a1a8500084e8b16c822577e205bc43719c25a,2020-02-28T05:48:15-05:00,,1.4.0,Merge pull request #16 from dmakarov/master,3802e4c43eddd74e75097b1f7f4dfd0a9e3fcde4,inferred-compatible,descendant-release,origin/dragonfly,v1.4.0
411b59a1a980869d7cfe05e2b1c5418cc5f3452b,2020-02-28T06:27:07-05:00,,1.4.0,improve plain dictation example,3802e4c43eddd74e75097b1f7f4dfd0a9e3fcde4,inferred-compatible,descendant-release,origin/dragonfly,v1.4.0
8746dc44b497a9379cc6202549c696d417a537d8,2020-02-28T06:27:36-05:00,,1.4.0,improve building,3802e4c43eddd74e75097b1f7f4dfd0a9e3fcde4,inferred-compatible,descendant-release,origin/dragonfly,v1.4.0
98e9267770ee5cdaec4b5cb7225adcc1de4ecffd,2020-02-29T04:55:02-05:00,,1.4.0,update readme,3802e4c43eddd74e75097b1f7f4dfd0a9e3fcde4,inferred-compatible,descendant-release,origin/dragonfly,v1.4.0
0de3e3e7325adf4a5e46cfa25df3607b50af05ae,2020-02-29T05:06:01-05:00,v1.4.0,1.4.0,improve building,3802e4c43eddd74e75097b1f7f4dfd0a9e3fcde4,artifact,release,origin/dragonfly,v1.4.0
87b5f0a36e65ed4c6d128d6f4a4fb62b6f6cef6e,2020-03-04T17:21:04+01:00,,1.4.0,Fix build on macOS,db0af4bd240ca55a4563d4d37beb1a54bc6f6353,inferred-compatible,descendant-release,origin/dragonfly,v1.5.0
265ba3b255d44ee32804a4e23c692c9d7cfb213b,2020-03-05T02:12:33-05:00,,1.4.0,Merge pull request #17 from dmakarov/master,db0af4bd240ca55a4563d4d37beb1a54bc6f6353,inferred-compatible,descendant-release,origin/dragonfly,v1.5.0
8f4d07b29817dce170d83fb7fdc5a1fd273d52bf,2020-03-27T04:54:06-04:00,,1.4.0,update readme,db0af4bd240ca55a4563d4d37beb1a54bc6f6353,inferred-compatible,descendant-release,origin/dragonfly,v1.5.0
87bb244459ecf28be1d29b498ba66d263f77011d,2020-03-27T04:54:45-04:00,,1.4.0,add information about fine tuning models,db0af4bd240ca55a4563d4d37beb1a54bc6f6353,inferred-compatible,descendant-release,origin/dragonfly,v1.5.0
a84cfad2e8b19189a13d931fb3ce5047578bfab4,2020-04-03T06:22:39-04:00,,1.4.0,add latency info; fix fine tuning data,db0af4bd240ca55a4563d4d37beb1a54bc6f6353,inferred-compatible,descendant-release,origin/dragonfly,v1.5.0
2b866ab39d2ab874921367b41d97dfa92e6cb2bb,2020-05-01T06:21:32-04:00,,1.4.0,pin kaldi-fork commit to guarantee reproducible build,3f56242df335792756ca17f46a348ca2b36238d7,exact,explicit-selector,3f56242df335792756ca17f46a348ca2b36238d7,3f56242df335792756ca17f46a348ca2b36238d7
e0c79f5cc7e4ce83755a98a643efe14b1e5dabd9,2020-05-15T05:33:56-04:00,,1.4.0,add lg-determinize option to compile-graph-agf to fix dictation compile,3f56242df335792756ca17f46a348ca2b36238d7,exact,explicit-selector,3f56242df335792756ca17f46a348ca2b36238d7,3f56242df335792756ca17f46a348ca2b36238d7
a04d058a0abd9cf464d961b6a9c69ebb4aad56f1,2020-05-15T07:06:41-04:00,,1.5.0,bump version,3f56242df335792756ca17f46a348ca2b36238d7,exact,explicit-selector,3f56242df335792756ca17f46a348ca2b36238d7,3f56242df335792756ca17f46a348ca2b36238d7
5b50ee87a55e8969399c23815ae9c49b51d8c405,2020-05-16T04:53:43-04:00,,1.5.0,fix plain dictation graph compilation with new lg-determinize option,3f56242df335792756ca17f46a348ca2b36238d7,exact,explicit-selector,3f56242df335792756ca17f46a348ca2b36238d7,3f56242df335792756ca17f46a348ca2b36238d7
2a30bc93cc8bd45a3e8bf3c25b1d10d0eab41956,2020-05-23T04:59:09-04:00,,1.5.0,improve verbosity passing to Kaldi,3f56242df335792756ca17f46a348ca2b36238d7,exact,explicit-selector,3f56242df335792756ca17f46a348ca2b36238d7,3f56242df335792756ca17f46a348ca2b36238d7
93823a149d04616c82b27f8bee6d35346bcc263c,2020-05-23T07:35:15-04:00,,1.5.0,fix pip change disallowing user install for editable develop install,3f56242df335792756ca17f46a348ca2b36238d7,exact,explicit-selector,3f56242df335792756ca17f46a348ca2b36238d7,3f56242df335792756ca17f46a348ca2b36238d7
23e6bfb30fc35194a427fc4678c30a64fe319eab,2020-05-23T07:38:07-04:00,,1.5.0,add model_dir to kaldi init,3f56242df335792756ca17f46a348ca2b36238d7,exact,explicit-selector,3f56242df335792756ca17f46a348ca2b36238d7,3f56242df335792756ca17f46a348ca2b36238d7
7c05d7d7baedbcb378e96c84ca06fc94857f264e,2020-05-29T03:44:50-04:00,,1.5.0,improve verbosity passing to Kaldi again,3f56242df335792756ca17f46a348ca2b36238d7,exact,explicit-selector,3f56242df335792756ca17f46a348ca2b36238d7,3f56242df335792756ca17f46a348ca2b36238d7
30e9686c86f239774a14d55cdb58b582efcc45a7,2020-05-29T03:47:11-04:00,,1.5.0,cleanup WFST,3f56242df335792756ca17f46a348ca2b36238d7,exact,explicit-selector,3f56242df335792756ca17f46a348ca2b36238d7,3f56242df335792756ca17f46a348ca2b36238d7
c353cfae568796ffd6694859e8da2a20d24d70d2,2020-05-30T03:02:02-04:00,,1.5.0,add more confidence info,3f56242df335792756ca17f46a348ca2b36238d7,exact,explicit-selector,3f56242df335792756ca17f46a348ca2b36238d7,3f56242df335792756ca17f46a348ca2b36238d7
7b65eafcc1176e30681fbbecc1891afd500d881d,2020-05-30T03:03:12-04:00,,1.5.0,add tools for building and development,3f56242df335792756ca17f46a348ca2b36238d7,exact,explicit-selector,3f56242df335792756ca17f46a348ca2b36238d7,3f56242df335792756ca17f46a348ca2b36238d7
2538058fb58e53f9d57b873b12eb689ecdb2087e,2020-05-30T05:45:38-04:00,v1.5.0,1.5.0,bump to latest kaldi-fork commit tag,db0af4bd240ca55a4563d4d37beb1a54bc6f6353,confirmed,release,kag-v1.5.0,v1.5.0
c66267d504ffdc16f1f69eef924a4d3e7674b86c,2020-06-05T09:57:12-04:00,,1.5.0,update model performance numbers,db0af4bd240ca55a4563d4d37beb1a54bc6f6353,exact,explicit-selector,db0af4bd240ca55a4563d4d37beb1a54bc6f6353,db0af4bd240ca55a4563d4d37beb1a54bc6f6353
add51143b6be848d7204f9261ff9b8c9c1f19364,2020-06-06T06:26:30-04:00,,1.5.0,update models docs and readme,db0af4bd240ca55a4563d4d37beb1a54bc6f6353,exact,explicit-selector,db0af4bd240ca55a4563d4d37beb1a54bc6f6353,db0af4bd240ca55a4563d4d37beb1a54bc6f6353
bc4028f1743e3ccd6e28756115217a7eb01f2dd1,2020-06-13T02:31:50-04:00,,1.5.0,update models docs,db0af4bd240ca55a4563d4d37beb1a54bc6f6353,exact,explicit-selector,db0af4bd240ca55a4563d4d37beb1a54bc6f6353,db0af4bd240ca55a4563d4d37beb1a54bc6f6353
7691cc890f5b643620db094c89db3845bf5b975a,2020-06-10T00:41:49-04:00,,1.5.0,"fix decoding whole utterance to break into chunks, for better accuracy",db0af4bd240ca55a4563d4d37beb1a54bc6f6353,exact,explicit-selector,db0af4bd240ca55a4563d4d37beb1a54bc6f6353,db0af4bd240ca55a4563d4d37beb1a54bc6f6353
426f1cbfa142172d555cb1ad8f3de44682b3a42d,2020-06-20T06:31:04-04:00,,1.5.0,refactor AGF init config to JSON,cded07367cfe66cc176468c219e1dcac5d544e6b,exact,explicit-selector,cded07367cfe66cc176468c219e1dcac5d544e6b,cded07367cfe66cc176468c219e1dcac5d544e6b
817cbd76352996b41c5c8d986090a696340863c2,2020-06-27T07:10:26-04:00,,1.5.0,add github actions continuous integration: macos,cded07367cfe66cc176468c219e1dcac5d544e6b,exact,explicit-selector,cded07367cfe66cc176468c219e1dcac5d544e6b,cded07367cfe66cc176468c219e1dcac5d544e6b
37db0b328f366a0689f550a95b22714e36164a5a,2020-07-01T04:37:19-04:00,,1.5.0,fix decode_utterance chunk_size,cded07367cfe66cc176468c219e1dcac5d544e6b,exact,explicit-selector,cded07367cfe66cc176468c219e1dcac5d544e6b,cded07367cfe66cc176468c219e1dcac5d544e6b
c82eb07c05bae22a379d4f305df2b51a8f64a3d7,2020-07-01T04:39:20-04:00,,1.6.0.dev0,let PlainDictationRecognizer take optional config,cded07367cfe66cc176468c219e1dcac5d544e6b,exact,explicit-selector,cded07367cfe66cc176468c219e1dcac5d544e6b,cded07367cfe66cc176468c219e1dcac5d544e6b
3d09071f12ec9b7f552fbbfae8af097ca839beac,2020-07-01T04:56:16-04:00,,1.6.0.dev0,Merge pull request #26 from daanzu/develop,cded07367cfe66cc176468c219e1dcac5d544e6b,exact,explicit-selector,cded07367cfe66cc176468c219e1dcac5d544e6b,cded07367cfe66cc176468c219e1dcac5d544e6b
e198d1429ec7d8db82bfd4bb1fea6b75a68b5249,2020-07-11T04:29:22-04:00,,1.6.0.dev0,fix python3 int division bug for cloud dictation,cded07367cfe66cc176468c219e1dcac5d544e6b,exact,explicit-selector,cded07367cfe66cc176468c219e1dcac5d544e6b,cded07367cfe66cc176468c219e1dcac5d544e6b
7e61c5efb909b4a07ee9dfda32281e6931a5af82,2020-06-27T07:29:40-04:00,,1.5.0,work on automating building manylinux,cded07367cfe66cc176468c219e1dcac5d544e6b,exact,explicit-selector,cded07367cfe66cc176468c219e1dcac5d544e6b,cded07367cfe66cc176468c219e1dcac5d544e6b
e740ffc7ced088ef87498046d776d2c7f480ed86,2020-07-03T03:28:27-04:00,,1.6.0.dev0,generalize building manylinux,be68bf233970a2a2664a3d5694438cfca534ff56,inferred-compatible,descendant-release,${KALDI_BRANCH},v1.6.0
c5c4dcfd4e2e3ec707030a75d4ab2219bc5e8ef8,2020-07-11T03:18:36-04:00,,1.6.0.dev0,add continuous integration for windows,be68bf233970a2a2664a3d5694438cfca534ff56,inferred-compatible,descendant-release,${KALDI_BRANCH},v1.6.0
9235aa09b80c6fada521d25a23d8f8feb4744754,2020-07-11T05:50:59-04:00,,1.6.0.dev0,fix building more,be68bf233970a2a2664a3d5694438cfca534ff56,inferred-compatible,descendant-release,${KALDI_BRANCH},v1.6.0
cf14f4cf249c4294d907a23727d7b8c89b8c825a,2020-07-11T06:02:32-04:00,,1.6.0.dev0,Merge remote-tracking branch 'origin/build',be68bf233970a2a2664a3d5694438cfca534ff56,inferred-compatible,descendant-release,${KALDI_BRANCH},v1.6.0
af43db41336676083d20d6cf0e518f91bb9cbe4c,2020-07-11T07:06:00-04:00,,1.6.0.dev0,tweak building,be68bf233970a2a2664a3d5694438cfca534ff56,inferred-compatible,descendant-release,${KALDI_BRANCH},v1.6.0
56f8f853ee91a6a7235f4f44fd7bfc405ccc7511,2020-07-11T07:14:27-04:00,,1.6.0.dev0,add a CHANGELOG.md,be68bf233970a2a2664a3d5694438cfca534ff56,inferred-compatible,descendant-release,${KALDI_BRANCH},v1.6.0
8c0ca994ef5f0bb1a16f3989ff6e14d0df2e8288,2020-07-11T07:14:36-04:00,,1.6.0,bump version,be68bf233970a2a2664a3d5694438cfca534ff56,inferred-compatible,descendant-release,${KALDI_BRANCH},v1.6.0
4d20fc53265cd2d879ecc4809a3978f2bce7fc71,2020-07-12T06:22:15-04:00,v1.6.0,1.6.0,fix building release version,be68bf233970a2a2664a3d5694438cfca534ff56,confirmed,release,kag-v1.6.0,v1.6.0
5ee29d80ddd5aa9a211e433197600e4033bca18b,2020-07-18T11:00:47-04:00,v1.6.1,1.6.1,fix windows wheel VS2019 redist dependence by building with v141,be68bf233970a2a2664a3d5694438cfca534ff56,confirmed,release,kag-v1.6.1,v1.6.1
bdffa023996eceb1d196120a44ad7e23638ee17d,2020-07-20T21:06:56-04:00,v1.6.2,1.6.2,fix missing rnnlm library file in macos build,be68bf233970a2a2664a3d5694438cfca534ff56,confirmed,release,kag-v1.6.2,v1.6.2
06df4ffbb5e023e6190a5dd428acf8c3459a9ae2,2020-08-01T05:49:31-04:00,,1.6.2,update README and CHANGELOG,f2a3ddc38b7bab4e3c77dcebd17eef2b9560bdc4,inferred-compatible,descendant-release,kag-v1.6.2,v1.7.0
b73daf5b3732a908cdd26b8e58bac38f722216a9,2020-08-01T05:52:10-04:00,,1.6.2,add automatic saving of text FST & compiled FST files with log level 5,f2a3ddc38b7bab4e3c77dcebd17eef2b9560bdc4,inferred-compatible,descendant-release,kag-v1.6.2,v1.7.0
b1430dccf6853abb88899c33d62c22ed89d7e510,2020-08-01T05:53:43-04:00,,1.6.2,rename compile_graph_agf parameter disambiguate_lg to simplify_lg,f2a3ddc38b7bab4e3c77dcebd17eef2b9560bdc4,inferred-compatible,descendant-release,kag-v1.6.2,v1.7.0
97b544156b260de8e19d817dab72975f9c239a86,2020-08-01T06:41:29-04:00,v1.7.0,1.7.0,bump version,f2a3ddc38b7bab4e3c77dcebd17eef2b9560bdc4,confirmed,release,kag-v1.7.0,v1.7.0
06d09ef583a0638e7629742c2622d0684499fbe4,2020-08-15T03:39:24-04:00,,1.7.0,fix obsolete header in license,f2a3ddc38b7bab4e3c77dcebd17eef2b9560bdc4,inferred-compatible,descendant-release,kag-v1.7.0,v1.8.0
561f677f8e5fb1a109a06c8671692998c0635e0b,2020-08-15T03:40:09-04:00,,1.7.0,add minor documentation notes,f2a3ddc38b7bab4e3c77dcebd17eef2b9560bdc4,inferred-compatible,descendant-release,kag-v1.7.0,v1.8.0
6b154b07a288cc7fd10c1c5d9e616fb7d4dd4eb5,2020-08-15T03:49:29-04:00,,1.7.0,add more info on installation & duorepo to README,f2a3ddc38b7bab4e3c77dcebd17eef2b9560bdc4,inferred-compatible,descendant-release,kag-v1.7.0,v1.8.0
74a3d235a5577d0bb18b5ac0428e2807eea07307,2020-08-15T06:23:37-04:00,,1.7.0,add link to kmdouglass/caster-kaldi in README,f2a3ddc38b7bab4e3c77dcebd17eef2b9560bdc4,inferred-compatible,descendant-release,kag-v1.7.0,v1.8.0
243fcc313d01c48d38e8f3843e29f26e80445646,2020-08-15T06:23:37-04:00,,1.7.0,cleanup error handling in compiler,f2a3ddc38b7bab4e3c77dcebd17eef2b9560bdc4,inferred-compatible,descendant-release,kag-v1.7.0,v1.8.0
87176c0451604c53dd64f6beb86aa9082d5c2bb5,2020-08-26T06:35:24-04:00,,1.7.0,remove obsolete headers about license,f2a3ddc38b7bab4e3c77dcebd17eef2b9560bdc4,inferred-compatible,descendant-release,kag-v1.7.0,v1.8.0
d0ed3af0d494d41e1b76f9a20c1433d370965338,2020-08-29T02:34:03-04:00,,1.7.0,add example of complete usage with a grammar and microphone audio,f2a3ddc38b7bab4e3c77dcebd17eef2b9560bdc4,inferred-compatible,descendant-release,kag-v1.7.0,v1.8.0
e2f5da1753bc005a342880bc43912399ca1ffd96,2020-09-05T02:28:35-04:00,,1.7.0,make failed AGF graph compilation output saved stderr upon failure,f2a3ddc38b7bab4e3c77dcebd17eef2b9560bdc4,inferred-compatible,descendant-release,kag-v1.7.0,v1.8.0
3bd6605ef899dd0672246464a7cd93c65d16ce3e,2020-09-05T02:30:15-04:00,,1.7.0,fix mysterious windows newline bug in some environments,f2a3ddc38b7bab4e3c77dcebd17eef2b9560bdc4,inferred-compatible,descendant-release,kag-v1.7.0,v1.8.0
15c6df01f0aa6d9cf8daef877b90da3a372196c4,2020-09-05T09:02:32-04:00,,1.7.0,"add noise words, used in top_fst",f2a3ddc38b7bab4e3c77dcebd17eef2b9560bdc4,inferred-compatible,descendant-release,kag-v1.7.0,v1.8.0
8671d8e88f0dd5ab38dc4fd1e319cffd3fe94644,2020-09-05T09:03:13-04:00,,1.7.0,cleanup,f2a3ddc38b7bab4e3c77dcebd17eef2b9560bdc4,inferred-compatible,descendant-release,kag-v1.7.0,v1.8.0
a6a31590d50248f9bd515e7df63aba947d7001ca,2020-09-05T09:03:13-04:00,v1.8.0,1.8.0,bump version,f2a3ddc38b7bab4e3c77dcebd17eef2b9560bdc4,confirmed,release,kag-v1.8.0,v1.8.0
26c0ce2b79091b6f2553b201009afbfcad4559f4,2020-09-05T10:51:02-04:00,,1.8.0,update changelog and models.md,f2a3ddc38b7bab4e3c77dcebd17eef2b9560bdc4,inferred-compatible,descendant-release,kag-v1.8.0,v1.8.1
e320c2018efcd4fc45b05977cdc527f1f59bfe5d,2020-09-12T07:40:40-04:00,,1.8.0,and shortcut for installing package for development,f2a3ddc38b7bab4e3c77dcebd17eef2b9560bdc4,inferred-compatible,descendant-release,kag-v1.8.0,v1.8.1
8f21a2e5954a852a720ca4d14e0da1f4fe1cf467,2020-09-12T07:42:09-04:00,v1.8.1,1.8.1,fix missing check for noise words in partial recognitions,f2a3ddc38b7bab4e3c77dcebd17eef2b9560bdc4,confirmed,release,kag-v1.8.1,v1.8.1
26bfeedc352680613b3a7844155a97e01edc3918,2020-09-16T06:42:01-04:00,,1.8.2.dev0,fix CI build to automatically fetch correct kaldi-fork branch,3ebb48ee97fa8b6e4ec3f050106bee0f18b0b589,inferred-compatible,descendant-release,${KALDI_BRANCH},v1.8.3
ee4d0e4b2636099dd5aba45fe89df797a17bf434,2021-01-02T03:26:37-05:00,,1.8.2.dev0,replace deprecated github actions set-env and add-path,3ebb48ee97fa8b6e4ec3f050106bee0f18b0b589,inferred-compatible,descendant-release,${KALDI_BRANCH},v1.8.3
acb1802f7ed9a4c794fe4d6845cf602f821eb5b3,2021-01-02T03:26:50-05:00,,1.8.2.dev0,disallow numpy 1.19.4 due to windows incompatibility,3ebb48ee97fa8b6e4ec3f050106bee0f18b0b589,inferred-compatible,descendant-release,${KALDI_BRANCH},v1.8.3
b39d21035f3baff574ba36daf73e48e227cbaedc,2021-01-02T03:28:03-05:00,v1.8.3,1.8.3,bump version,3ebb48ee97fa8b6e4ec3f050106bee0f18b0b589,inferred,release,kag-v1.8.3 (missing historical tag),v1.8.3
d3f714d59be40894a4aec44c52c2ea9ae7266483,2020-09-16T08:18:35-04:00,,1.8.1,fix CI build to automatically fetch correct kaldi-fork branch,e9c7d0ffca401cf312779d25f2c05a34b41ff696,inferred-compatible,descendant-release,kag-v1.8.1,v2.0.0
92768a0fa99af23272fc56ca494369f4fcda3dc6,2020-10-01T00:12:04-04:00,,1.8.1,update README installation instructions to avoid issue with zsh,e9c7d0ffca401cf312779d25f2c05a34b41ff696,inferred-compatible,descendant-release,kag-v1.8.1,v2.0.0
fe5a585cae0a292e4e250339cc03387d39c4a438,2020-10-24T07:38:30-04:00,,1.8.1,set build to manual,e9c7d0ffca401cf312779d25f2c05a34b41ff696,inferred-compatible,descendant-release,kag-v1.8.1,v2.0.0
b164989679a2d4e65f27bd23cf4e7b7b05cf5fc8,2020-10-24T07:38:30-04:00,,1.8.1,add example of mixing strict commands with free dictation,e9c7d0ffca401cf312779d25f2c05a34b41ff696,inferred-compatible,descendant-release,kag-v1.8.1,v2.0.0
9de1919998a2903be3a726726c1049311efc334d,2020-10-26T23:18:43-04:00,,1.8.1,cleanup mixed free dictation example,e9c7d0ffca401cf312779d25f2c05a34b41ff696,inferred-compatible,descendant-release,kag-v1.8.1,v2.0.0
2f52305ff7e81f4cb4a872ce682df4caab469439,2020-08-05T05:01:13-04:00,,1.8.0.dev0,update KaldiPlainNNet3Decoder to new interface,e9c7d0ffca401cf312779d25f2c05a34b41ff696,inferred-compatible,descendant-release,${KALDI_BRANCH},v2.0.0
33ba77f86ec5bfc5fde57f6f110ede02cf9e9ae6,2020-08-05T05:01:14-04:00,,1.8.0.dev0,add support for rnnlm priming,3512aab579b1a2d219b08da7b95d9608fdcf32a3,correlated,semantic-pair,${KALDI_BRANCH},matching cross-repo change
0f66d4f5b531cbe03c812c2b7a8675b2e139470c,2020-08-05T05:12:06-04:00,,1.8.0.dev0,"implement passing ivector-extractor config directly by JSON, not file",4ed70a4c19dfc9620af8281f6ef25d1959a0852a,correlated,semantic-pair,${KALDI_BRANCH},matching cross-repo change
5b1314f4fea540f7960c218e43e4643c43aa7d2b,2020-08-29T07:03:26-04:00,,1.8.0.dev0,refactor wrappers with more general implementation in nnet3 base,e9c7d0ffca401cf312779d25f2c05a34b41ff696,inferred-compatible,descendant-release,${KALDI_BRANCH},v2.0.0
203485149e962e3c8075cac04e622aa5dee3c4d2,2020-08-29T07:03:27-04:00,,1.8.0.dev0,fix parsing of ivector-extractor config for online-cmvn (handle bool),e9c7d0ffca401cf312779d25f2c05a34b41ff696,inferred-compatible,descendant-release,${KALDI_BRANCH},v2.0.0
7c7aa64880805eb2e53edd5a8b885b5c61f12ad9,2020-09-05T07:25:51-04:00,,1.8.0.dev0,reorganize load_lexicon in wrapper,e9c7d0ffca401cf312779d25f2c05a34b41ff696,inferred-compatible,descendant-release,${KALDI_BRANCH},v2.0.0
bfc14060faec776728b2df3949a0ea77c848fb2d,2020-09-19T03:18:15-04:00,,1.8.0.dev0,cleanup old framework cruft,e9c7d0ffca401cf312779d25f2c05a34b41ff696,inferred-compatible,descendant-release,${KALDI_BRANCH},v2.0.0
18c68895d5ffcea7ee5493486ee6c35ee6b789f6,2020-09-19T03:29:00-04:00,,1.8.0.dev0,testing look ahead framework,e9c7d0ffca401cf312779d25f2c05a34b41ff696,inferred-compatible,descendant-release,${KALDI_BRANCH},v2.0.0
8918f75c81ba6e9bdfde3f239fa579e73a0280dd,2020-09-25T06:43:19-04:00,,1.8.0.dev0,add initial NativeWFST implementation,c36ca647768e2dbeb11a2a5698d1321b9c9873b0,correlated,semantic-pair,${KALDI_BRANCH},matching cross-repo change
649cee3b80228ba9404ab0f4b4419780dd0f047e,2020-09-26T03:22:28-04:00,,1.8.0.dev0,fixing use of NativeWFST,d41735d7d308f18042c5b82fb9002d9fad650d1e,correlated,semantic-pair,${KALDI_BRANCH},matching cross-repo change
53acaa65327b3eb8d5773c1e4f529afe7bd09207,2020-10-17T05:33:30-04:00,,1.8.0.dev0,add extra error checking in wrapper init,e9c7d0ffca401cf312779d25f2c05a34b41ff696,inferred-compatible,descendant-release,${KALDI_BRANCH},v2.0.0
3344d2921233016123fc45f517ce83effd69839a,2020-10-17T05:34:39-04:00,,1.8.0.dev0,fix use of NativeWFST,e9c7d0ffca401cf312779d25f2c05a34b41ff696,inferred-compatible,descendant-release,${KALDI_BRANCH},v2.0.0
665c70fb6cf099ae6e62da4451346f71cd9b0025,2020-10-24T07:07:18-04:00,,1.8.0.dev0,"add direct internal compilation for AGF, with no external CLI processes",e9c7d0ffca401cf312779d25f2c05a34b41ff696,inferred-compatible,descendant-release,${KALDI_BRANCH},v2.0.0
ff158177db1be2ed75bab0e5512fc0a4bec595c7,2020-10-24T07:07:22-04:00,,1.8.0.dev0,refactor wrapper interface function naming,eabbd2db00560281cc72c1022b19c91573a92934,correlated,semantic-pair,${KALDI_BRANCH},matching cross-repo change
30c1c884d8a707b1cb1d96328bf17189cda4fad1,2020-10-24T07:07:22-04:00,,1.8.0.dev0,add destructors to wrapper,09be14ebcb8ce89c4b138d372fab297c66ee4555,correlated,semantic-pair,${KALDI_BRANCH},matching cross-repo change
1172234517eefb1b005495125ca732f3bafb8ceb,2020-10-24T08:53:20-04:00,,1.8.0.dev0,set build to manual,e9c7d0ffca401cf312779d25f2c05a34b41ff696,inferred-compatible,descendant-release,${KALDI_BRANCH},v2.0.0
c4f56c944f37065a2c92430233640a3159de1d88,2020-10-31T06:05:12-04:00,,1.8.0.dev0,fix CI build to automatically fetch correct kaldi-fork branch,e9c7d0ffca401cf312779d25f2c05a34b41ff696,inferred-compatible,descendant-release,${KALDI_BRANCH},v2.0.0
69a2cd08db920579a028a53c2c685852bd268d3f,2020-10-31T06:11:57-04:00,,1.8.0.dev0,fix CI build on Windows to include libfstscript static library,e9c7d0ffca401cf312779d25f2c05a34b41ff696,inferred-compatible,descendant-release,${KALDI_BRANCH},v2.0.0
33b26cec31dccd709f8b21807006427e1571a660,2020-10-31T06:53:23-04:00,,1.8.0.dev0,setup manual trigger of build workflow,e9c7d0ffca401cf312779d25f2c05a34b41ff696,inferred-compatible,descendant-release,${KALDI_BRANCH},v2.0.0
69097edc9461b0c212fdd8080e7199f9a28463c1,2020-10-31T07:04:40-04:00,,1.8.0.dev0,cleanup,e9c7d0ffca401cf312779d25f2c05a34b41ff696,inferred-compatible,descendant-release,${KALDI_BRANCH},v2.0.0
1cbc62bc43fb6920bd6d6b723cb2454baafb2723,2020-12-02T08:56:33-05:00,,2.0.0.dev0,bump version,e9c7d0ffca401cf312779d25f2c05a34b41ff696,inferred-compatible,descendant-release,${KALDI_BRANCH},v2.0.0
fc59c5db033632197a248ea9b70cbb1d0bb4d202,2020-12-02T09:00:43-05:00,,2.0.0.dev0,fix NativeWFST initialization for AGF,e9c7d0ffca401cf312779d25f2c05a34b41ff696,inferred-compatible,descendant-release,${KALDI_BRANCH},v2.0.0
8d1139a148cefec19173fd4cf64103443be112a3,2020-12-02T09:01:05-05:00,,2.0.0.dev0,"refactor general interface, to initialize Decoder through Compiler",e9c7d0ffca401cf312779d25f2c05a34b41ff696,inferred-compatible,descendant-release,${KALDI_BRANCH},v2.0.0
4d252c81e628144e41ed68d5a19016f836c2fc05,2020-12-02T09:04:27-05:00,,2.0.0.dev0,add error noting AGF & NativeWFST not supported,e9c7d0ffca401cf312779d25f2c05a34b41ff696,inferred-compatible,descendant-release,${KALDI_BRANCH},v2.0.0
fa610f64f1a720ca3fe0fb3b30d15850f7611f36,2020-12-19T10:16:57-05:00,,2.0.0.dev0,various fixes and cleanup,e9c7d0ffca401cf312779d25f2c05a34b41ff696,inferred-compatible,descendant-release,${KALDI_BRANCH},v2.0.0
4140a42b8e78892639a83332b1e72882b2e8b71d,2020-12-23T03:31:03-05:00,,2.0.0.dev0,fix symbols for saving adaptation state,e9c7d0ffca401cf312779d25f2c05a34b41ff696,inferred-compatible,descendant-release,${KALDI_BRANCH},v2.0.0
ecbc7278f05334bc8aba2fe39582dbd6ae9d0142,2020-12-24T03:07:48-05:00,,2.0.0.dev0,replace deprecated github actions set-env and add-path,e9c7d0ffca401cf312779d25f2c05a34b41ff696,inferred-compatible,descendant-release,${KALDI_BRANCH},v2.0.0
83c5baa86f9722922bad11d1899e83a0ac6a4ede,2020-12-24T05:06:57-05:00,,2.0.0.dev0,fix CI building linux with correct kaldi_branch,e9c7d0ffca401cf312779d25f2c05a34b41ff696,inferred-compatible,descendant-release,${KALDI_BRANCH},v2.0.0
e5e4f8a0236e310c8d2a61256726b6bcc1e9199a,2020-12-25T03:46:56-05:00,,2.0.0.dev0,bypass agf-direct for compile_agf_dictation_graph for now,e9c7d0ffca401cf312779d25f2c05a34b41ff696,inferred-compatible,descendant-release,${KALDI_BRANCH},v2.0.0
516ca4e0fabab03a46a2cc63e1330a00af585495,2020-12-25T10:14:46-05:00,,2.0.0.dev0,progress implementing native_fst support for agf-direct,5525bd743c1e1ccfaaaf045283705422ecb3b13f,correlated,semantic-pair,${KALDI_BRANCH},matching cross-repo change
7768132eca431d6df4238a4f2f7ff6b57d2e26ab,2020-12-26T04:34:21-05:00,,2.0.0.dev0,refactor reloading slightly,e9c7d0ffca401cf312779d25f2c05a34b41ff696,inferred-compatible,descendant-release,${KALDI_BRANCH},v2.0.0
01c984440f34831a29e01f9a9da2930511604d12,2020-12-26T04:34:32-05:00,,2.0.0.dev0,"complete native_fst support for agf-direct, including top_fst",5525bd743c1e1ccfaaaf045283705422ecb3b13f,correlated,semantic-pair,${KALDI_BRANCH},matching cross-repo change
971f94a47e9df4f0e1f7834ddb4a949c77a27870,2020-12-26T04:35:31-05:00,,2.0.0.dev0,remove deprecated ivector_extractor.conf in temp directory,e9c7d0ffca401cf312779d25f2c05a34b41ff696,inferred-compatible,descendant-release,${KALDI_BRANCH},v2.0.0
dd1621cce0bc7a9e33e36ddeed5226af2496eca8,2020-12-26T04:39:14-05:00,,2.0.0.dev0,move file_cache.json storage to model_dir from tmp_dir,e9c7d0ffca401cf312779d25f2c05a34b41ff696,inferred-compatible,descendant-release,${KALDI_BRANCH},v2.0.0
1195c9e4122e5dad31fcd92631319be0bc17b864,2020-12-26T06:36:13-05:00,,2.0.0.dev0,make tmp_dir optional,e9c7d0ffca401cf312779d25f2c05a34b41ff696,inferred-compatible,descendant-release,${KALDI_BRANCH},v2.0.0
7bc7420df1bab758562dd50e43a07d3ba39ce665,2020-12-26T06:37:03-05:00,,2.0.0.dev0,add max_num_rules decoder config option,11f6acb320a65329241b52746f30cf927ea96832,correlated,semantic-pair,${KALDI_BRANCH},matching cross-repo change
5acdb1fedf3f05d313c9b710fadb6e4720d3dc8e,2020-12-26T06:37:52-05:00,,2.0.0.dev0,complete LAF wrapper reloading support,e9c7d0ffca401cf312779d25f2c05a34b41ff696,inferred-compatible,descendant-release,${KALDI_BRANCH},v2.0.0
cf3cb63ab1be8a5c6e896a78ab086756a5f2c3ab,2020-12-26T07:35:38-05:00,,2.0.0.dev0,"Revert ""bypass agf-direct for compile_agf_dictation_graph for now""",e9c7d0ffca401cf312779d25f2c05a34b41ff696,inferred-compatible,descendant-release,${KALDI_BRANCH},v2.0.0
5919a8fddc6111aeedd7f8f618c4268134db7b10,2020-12-26T07:39:58-05:00,,2.0.0.dev0,tweak utils.find_file logging level,e9c7d0ffca401cf312779d25f2c05a34b41ff696,inferred-compatible,descendant-release,${KALDI_BRANCH},v2.0.0
3da777b7896ce5cc1492b7432c40b2b818b235a0,2020-12-27T10:39:36-05:00,,2.0.0.dev0,make native_fst the default,e9c7d0ffca401cf312779d25f2c05a34b41ff696,inferred-compatible,descendant-release,${KALDI_BRANCH},v2.0.0
152359fa69cf656d450d038bece1c83c0aae8b79,2020-12-27T11:01:15-05:00,,2.0.0.dev0,"Merge branch 'develop', in prep for 2.0.0 release",e9c7d0ffca401cf312779d25f2c05a34b41ff696,inferred-compatible,descendant-release,${KALDI_BRANCH},v2.0.0
ebac619a66aae052b1b55d81c81532ccd70c5742,2021-01-02T03:23:33-05:00,,2.0.0.dev0,disallow numpy 1.19.4 due to windows incompatibility,e9c7d0ffca401cf312779d25f2c05a34b41ff696,inferred-compatible,descendant-release,${KALDI_BRANCH},v2.0.0
068fcc024524db705e7bf602b02999254b3ecc41,2021-01-17T03:37:51-05:00,,2.0.0.dev0,miscellaneous cleanup,e9c7d0ffca401cf312779d25f2c05a34b41ff696,inferred-compatible,descendant-release,${KALDI_BRANCH},v2.0.0
93dfe6fb4cf44be5de991d47bd44d61b669ed360,2021-01-17T03:39:02-05:00,,2.0.0.dev0,make dev version specifiers include datetime,e9c7d0ffca401cf312779d25f2c05a34b41ff696,inferred-compatible,descendant-release,${KALDI_BRANCH},v2.0.0
a89ec65f2a4a68ac1665f4c688dc007d0480e736,2021-01-29T06:15:04-05:00,,2.0.0.dev0,"change default tmp_dir to ""cache.tmp"" located inside the model_dir",e9c7d0ffca401cf312779d25f2c05a34b41ff696,inferred-compatible,descendant-release,${KALDI_BRANCH},v2.0.0
121f245af2da72b2bdbd9fdcbb5ee647c848520f,2021-01-29T06:17:11-05:00,,2.0.0.dev0,refactor rule compilation,e9c7d0ffca401cf312779d25f2c05a34b41ff696,inferred-compatible,descendant-release,${KALDI_BRANCH},v2.0.0
b01582e7df8943c83ce276b99137461b7bc0c6c0,2021-01-29T06:17:33-05:00,,2.0.0.dev0,remove debug timing output,e9c7d0ffca401cf312779d25f2c05a34b41ff696,inferred-compatible,descendant-release,${KALDI_BRANCH},v2.0.0
1f14036af5189c3e06c4331c302da51d6c2f9092,2021-01-30T08:17:24-05:00,,2.0.0.dev0,prepare for caching native_fsts by adding hashing and making interface more similar,e9c7d0ffca401cf312779d25f2c05a34b41ff696,inferred-compatible,descendant-release,${KALDI_BRANCH},v2.0.0
e0a040a450eefdf2506ee65795bd2d2e722c5036,2021-01-30T09:11:25-05:00,,2.0.0.dev0,refactor FST caching,e9c7d0ffca401cf312779d25f2c05a34b41ff696,inferred-compatible,descendant-release,${KALDI_BRANCH},v2.0.0
54103533031093c4203c825442996c6eda1b0399,2021-01-31T06:47:58-05:00,,2.0.0.dev0,"implement caching native_fsts for AGF; also modify all FST caching Now FST filename is a hash of its content mixed with a hash of its dependencies, and no longer is (or needs to be) stored in cache object.",e9c7d0ffca401cf312779d25f2c05a34b41ff696,inferred-compatible,descendant-release,${KALDI_BRANCH},v2.0.0
61c8bb81cf55311582a84f7998c7b01a2dc23f9b,2021-02-03T04:28:23-05:00,,2.0.0.dev0,update examples for new decoder interface,e9c7d0ffca401cf312779d25f2c05a34b41ff696,inferred-compatible,descendant-release,${KALDI_BRANCH},v2.0.0
b127bc3fb3a35dfda6dfb753e234f69296fb71ac,2021-02-03T04:29:01-05:00,,2.0.0.dev0,refactor ffi code location for better importing,e9c7d0ffca401cf312779d25f2c05a34b41ff696,inferred-compatible,descendant-release,${KALDI_BRANCH},v2.0.0
ec997dddc2f5c49ce7a4aee484c111352a656c9f,2021-02-03T04:29:01-05:00,,2.0.0.dev0,"cleanup compiled HCLG FST storage & management, and allow freeing memory",e9c7d0ffca401cf312779d25f2c05a34b41ff696,inferred-compatible,descendant-release,${KALDI_BRANCH},v2.0.0
09ccea73ccc5812655f380797d21fd0ba106a443,2021-02-17T04:51:53-05:00,,2.0.0.dev0,implement rule reloading for AGF (native FST or not) & LAF (only native),e9c7d0ffca401cf312779d25f2c05a34b41ff696,inferred-compatible,descendant-release,${KALDI_BRANCH},v2.0.0
91afdf1769afece466fe6528d4cae38e5b723c92,2021-02-17T08:55:12-05:00,,2.0.0.dev0,remove concrete alternative dictation from the package: can be passed in as a external implementation,e9c7d0ffca401cf312779d25f2c05a34b41ff696,inferred-compatible,descendant-release,${KALDI_BRANCH},v2.0.0
e98a242b199cb37c65d2481ad1d1c089da32b73b,2021-02-18T02:18:17-05:00,,2.0.0.dev0,fix CI build,e9c7d0ffca401cf312779d25f2c05a34b41ff696,inferred-compatible,descendant-release,${KALDI_BRANCH},v2.0.0
946d504684bb0c3873616e55fac0d64ee868e12c,2021-02-20T08:41:32-05:00,,2.0.0.dev0,fix and optimize adding many new words in many grammars on load up,e9c7d0ffca401cf312779d25f2c05a34b41ff696,inferred-compatible,descendant-release,${KALDI_BRANCH},v2.0.0
f3d9a36ec31d5dacdfd1512c55a17d81d7d44456,2021-02-24T03:06:42-05:00,,2.0.0.dev0,update make_lexicon_fst.py from latest upstream,e9c7d0ffca401cf312779d25f2c05a34b41ff696,inferred-compatible,descendant-release,${KALDI_BRANCH},v2.0.0
dbf389a3e67e767320f723eb8808f0682ad1e7e5,2021-02-24T05:00:23-05:00,,2.0.0.dev0,add FST compilation from text,54f43c8474316a067d5830cca83127e7a5936b9c,correlated,semantic-pair,${KALDI_BRANCH},matching cross-repo change
7e5c53b121d021134001d25a047f5db236f12fd3,2021-02-24T05:15:55-05:00,,2.0.0.dev0,relocate FST loading,318f302517ed3ee05372b7e5b7ef3ec172892c86,correlated,semantic-pair,${KALDI_BRANCH},matching cross-repo change
5f68c4f6133c437744d77ee85f5e61b7fbb32503,2021-02-24T07:29:03-05:00,,2.0.0.dev0,internalize building L_disambig.fst,9406ee38c400f68730818c75ea0c27c5c37b8b62,correlated,semantic-pair,${KALDI_BRANCH},matching cross-repo change
60b1675c8ebd2710e026e3fe072630b0eb0cdb37,2021-03-06T04:30:14-05:00,,2.0.0.dev0,fix plain dictation with new top_fst interface,e9c7d0ffca401cf312779d25f2c05a34b41ff696,inferred-compatible,descendant-release,${KALDI_BRANCH},v2.0.0
35c4a6fc599ac71dda13e02ef80a362820574fda,2021-03-06T04:31:12-05:00,,2.0.0.dev0,refactor building top_fst,e9c7d0ffca401cf312779d25f2c05a34b41ff696,inferred-compatible,descendant-release,${KALDI_BRANCH},v2.0.0
a6a2147e6f49a850a55e0f0e99eaa6913871e809,2021-03-07T10:50:27-05:00,,2.0.0.dev0,implement separate (non)exported rules compilation,134351e97c8d9f92b0abee28d739e633472ce787,correlated,semantic-pair,${KALDI_BRANCH},matching cross-repo change
c90b071a4fef9c198db7d34d9c42f2922fe384d3,2021-03-10T04:27:25-05:00,,2.0.0.dev0,add recycling of rule ids after they are freed,f2a3ddc38b7bab4e3c77dcebd17eef2b9560bdc4,inferred-compatible,ancestor-release,${KALDI_BRANCH},v1.8.1
05720e1f3d0ec75c095747d716e37d467b473fe1,2021-03-10T04:28:32-05:00,,2.0.0.dev0,"disable touching cache files during cache hits, due to filesystem performance",f2a3ddc38b7bab4e3c77dcebd17eef2b9560bdc4,inferred-compatible,ancestor-release,${KALDI_BRANCH},v1.8.1
d7d225487063a44adfa41da495eae8e9cf5cb408,2021-03-12T08:35:03-05:00,,2.0.0.dev0,add support for NativeWFST writing out to disk,bbd101216faa79ff549bdda229d39f2ab76575a6,correlated,semantic-pair,${KALDI_BRANCH},matching cross-repo change
da807e6bd9424d4f065b9fd911a714c94c853b5d,2021-03-20T03:16:33-04:00,,2.0.0.dev0,fix bug for new decoding with grammar_activity with no active grammars,3a4d84cf0f4e3b60073e492b643948ed1d57cdee,correlated,semantic-pair,${KALDI_BRANCH},matching cross-repo change
b69f2a9e70bde75d07385434788f2dedede93215,2021-03-20T03:16:36-04:00,,2.0.0.dev0,implement initial support for direct mimic via NativeWFST,f2a3ddc38b7bab4e3c77dcebd17eef2b9560bdc4,inferred-compatible,ancestor-release,${KALDI_BRANCH},v1.8.1
5ede5f2431caa8754aea976b71c27d989407ba2f,2021-03-20T03:18:36-04:00,,2.0.0.dev0,implement support for all-grammars-at-once direct mimic via NativeWFST,6bfd3cbd5cf0bfa5f4d7fb424e61cbdb981cbfe9,correlated,semantic-pair,${KALDI_BRANCH},matching cross-repo change
6e3c24fa728fa5cee8ae977155e4892e5c44efb7,2021-03-20T03:20:25-04:00,,2.0.0.dev0,refactor mimicking interface,13852d464171bd84a844cc4a8cf5208a1f2f38af,correlated,semantic-pair,${KALDI_BRANCH},matching cross-repo change
d2326d4d661f13e9dd2583815498d95dfbfd9ef4,2021-03-20T04:09:26-04:00,,2.0.0.dev0,move mimicking code in wrapper from AGF to ActiveBase (newly created),f735ef55c849ccaa62c1be41dc4bc5b67ed7c8a9,correlated,semantic-pair,${KALDI_BRANCH},matching cross-repo change
ef2109c4cc930106348c82d341f9cf1162a82a9b,2021-03-20T07:16:59-04:00,,2.0.0.dev0,add dictation grammar to mimicking,a195749e4ec6e1d4a5741d11bd05608fa5bec308,correlated,semantic-pair,${KALDI_BRANCH},matching cross-repo change
41d0a0791f65295bf92671bd119101c4b92cc930,2021-03-20T07:17:44-04:00,,2.0.0.dev0,fix mimicking of non exported rules,5dc623d681b61ffcfe191cbced01050c1aa3f882,correlated,semantic-pair,${KALDI_BRANCH},matching cross-repo change
68345ded8dc87951b32d3731bcb47d38c7aa32a9,2021-03-20T07:54:02-04:00,,2.0.0.dev0,fix mimicking with eps_disambig,46c7a6082435879c8d8e66a36386b80ef3b7c847,correlated,semantic-pair,${KALDI_BRANCH},matching cross-repo change
ce912f3c8e4e60cf33c27f0995e61562e9b2869e,2021-03-21T07:00:36-04:00,,2.0.0.dev0,move mimic fst loading from mimic() to standard grammar loading step,f2a3ddc38b7bab4e3c77dcebd17eef2b9560bdc4,inferred-compatible,ancestor-release,${KALDI_BRANCH},v1.8.1
f8a98c813e0a6d52d8e940126544c8de48c62524,2021-03-19T08:14:09-04:00,,2.0.0.dev0,"simplify building with openblas on linux/macos, and make it the default",e9c7d0ffca401cf312779d25f2c05a34b41ff696,inferred-compatible,descendant-release,${KALDI_BRANCH},v2.0.0
12ecebeae42d72382cbb0eee8ec5e630231d7d4d,2021-03-19T08:25:17-04:00,,2.0.0.dev0,disable FST caching on plain dictation interface,e9c7d0ffca401cf312779d25f2c05a34b41ff696,inferred-compatible,descendant-release,${KALDI_BRANCH},v2.0.0
c9098c403969182069e69afc52078b42bf9d02d5,2021-03-19T09:52:47-04:00,,2.0.0.dev0,change CI build to use openblas on linux/macos,e9c7d0ffca401cf312779d25f2c05a34b41ff696,inferred-compatible,descendant-release,${KALDI_BRANCH},v2.0.0
cd58eda7a38195c51fe483e26cc9af7c26795f9d,2021-03-19T09:53:59-04:00,,2.0.0.dev0,drop official support for python 2.7,e9c7d0ffca401cf312779d25f2c05a34b41ff696,inferred-compatible,descendant-release,${KALDI_BRANCH},v2.0.0
8e06642310c2185dbe5f01f4bb8c60494b6b6fe7,2021-03-19T09:54:30-04:00,,2.0.0,bump version to official 2.0.0,e9c7d0ffca401cf312779d25f2c05a34b41ff696,inferred-compatible,descendant-release,kag-v2.0.0,v2.0.0
8cbebaf3d4b1315105612a2d8877c55983c11b49,2021-03-21T07:32:29-04:00,v2.0.0,2.0.0,update changelog,e9c7d0ffca401cf312779d25f2c05a34b41ff696,confirmed,release,kag-v2.0.0,v2.0.0
b2200c889c364597fa9cb28e4314db8059024a8a,2021-03-28T01:56:17-04:00,,2.0.1,fix openblas arch compilation on linux/mac,e9c7d0ffca401cf312779d25f2c05a34b41ff696,inferred-compatible,descendant-release,kag-v2.0.1,v2.0.2
decb6f400b254c5cd35af3cc2d82d4098355f012,2021-03-30T11:06:45-04:00,v2.0.2,2.0.2,change openblas arch compilation to generic on linux/mac,e9c7d0ffca401cf312779d25f2c05a34b41ff696,confirmed,release,kag-v2.0.2,v2.0.2
25a46f269db379e3c46cc343751c1a0685fedcb6,2021-03-31T02:39:37-04:00,,2.0.2,update changelog,1f5a49865da999327fb772a890957b413119f011,inferred-compatible,descendant-release,kag-v2.0.2,v2.1.0
149d849877ece3de4c7534a2ac18be914a54262a,2021-04-04T04:24:28-04:00,,2.0.2,add support for NativeWFST printing out to stdout,33e38708a3e6c1056683b9ed7219953b8a26bb63,correlated,semantic-pair,kag-v2.0.2,matching cross-repo change
c3b775aef7a2f54553381fcb70de9cbe97b1a598,2021-04-04T04:25:57-04:00,,2.0.2,add support for NativeWFST writing out to disk,64e1289d227d99856530b5ed63d5fa066963cefa,correlated,semantic-pair,kag-v2.0.2,matching cross-repo change
87ceb20d1ea467921d3fc7495f05d4b4d6af99a7,2021-04-04T05:18:57-04:00,,2.0.2,add debug logging for writing grammar FST to disk,1f5a49865da999327fb772a890957b413119f011,inferred-compatible,descendant-release,kag-v2.0.2,v2.1.0
287933f3e06f42c530b0132695f548940d41b5b3,2021-04-04T06:26:03-04:00,,2.0.2,fix AGF interface typo,d3027fcb14438553e5dc05daec2a9d7495ca67b8,correlated,semantic-pair,kag-v2.0.2,matching cross-repo change
299270d4e1176bcc83860ab1a61d4db8430da28d,2021-04-04T06:26:56-04:00,,2.0.2,add NativeWFST.has_path(),e4b49b2cfdf19685c5c643f540b7d13a78d88364,correlated,semantic-pair,kag-v2.0.2,matching cross-repo change
2ce850b4c1d72903a71c318b3c9e134e377d7978,2021-04-04T06:29:23-04:00,,2.0.2,implement missing NativeWFST.clear(),1f5a49865da999327fb772a890957b413119f011,inferred-compatible,descendant-release,kag-v2.0.2,v2.1.0
ee3ff4128abcf5b02e665f21d1d2ef68df63f957,2021-04-04T07:02:24-04:00,v2.1.0,2.1.0,bump version,1f5a49865da999327fb772a890957b413119f011,confirmed,release,kag-v2.1.0,v2.1.0
91314a5a38572e28de84376cb55b479e44e1341f,2021-04-04T07:28:01-04:00,,2.1.0,Merge branch 'master' into develop,1f5a49865da999327fb772a890957b413119f011,inferred-compatible,ancestor-release,kag-v2.1.0,v2.1.0
a37b85df6ab01f18207d0be41e1a43f97801e639,2021-04-09T01:49:32-04:00,,2.1.0,update changelog,ff55f1097b355989a7926100b99a18035c4a5e47,inferred-compatible,descendant-release,kag-v2.1.0,v3.0.0
12f7c68aa2f13c71a73fba829a98f972f1a6c01f,2021-09-12T07:55:15-04:00,,2.1.0,enable higher optimization and less debug info in build for linux/mac,ff55f1097b355989a7926100b99a18035c4a5e47,inferred-compatible,descendant-release,kag-v2.1.0,v3.0.0
fc985a484edb0bbf401f6ace4187f03636e4357a,2021-09-12T07:55:23-04:00,,2.1.0,remove dead code,ff55f1097b355989a7926100b99a18035c4a5e47,inferred-compatible,descendant-release,kag-v2.1.0,v3.0.0
9349c32da290f3791d31af3e0948c81576800014,2021-09-12T07:55:29-04:00,,2.1.0,remove deprecated CLI binaries from build for linux/mac,ff55f1097b355989a7926100b99a18035c4a5e47,inferred-compatible,descendant-release,kag-v2.1.0,v3.0.0
e94ba76142f6f95855ed395cb91f867bcd902f87,2021-09-12T07:55:36-04:00,,2.1.0,fix stripping in build for linux/mac,ff55f1097b355989a7926100b99a18035c4a5e47,inferred-compatible,descendant-release,kag-v2.1.0,v3.0.0
ea507ae1449bcab003a52beb28eb0519de4ba307,2021-09-15T09:05:32-04:00,,2.1.0,"fix NativeWFST.has_path() to handle loops, by switching to BFS",3986a5a4433167a4b309244b0df855b0966925a0,correlated,semantic-pair,kag-v2.1.0,matching cross-repo change
bf246f3697f6655b5e583368d6f439168c1d5c30,2021-09-15T09:07:32-04:00,,2.1.0,"refactor pronunciation generation, to support default not allowing online",ff55f1097b355989a7926100b99a18035c4a5e47,inferred-compatible,descendant-release,kag-v2.1.0,v3.0.0
eaacd5bdb1f7a59019025275f872ee2a393532b4,2026-07-17T04:14:28-04:00,,2.1.0,Merge branch 'master' into develop,b4ede2107a94700d1e657afc0a9f763b4b12fb0d,inferred-compatible,current-lock-snapshot,kag-v2.1.0,0b3af6d28c09256baba8e83982761db8ad41c16c
719cf80ec77a5f8af412fe2c83c7589ada1cb18b,2021-09-17T03:36:34-04:00,,2.1.0,modify PlainDictation output to discard any silence words from transcript,ff55f1097b355989a7926100b99a18035c4a5e47,inferred-compatible,descendant-release,kag-v2.1.0,v3.0.0
6380321bed6b3f3f15377faa97fffc34d52fc641,2026-07-17T04:36:00-04:00,,2.1.0,Merge branch 'master' into develop,b4ede2107a94700d1e657afc0a9f763b4b12fb0d,inferred-compatible,current-lock-snapshot,kag-v2.1.0,0b3af6d28c09256baba8e83982761db8ad41c16c
869cd4616bee0b29f6cc7aa5c58e2a838c3103bb,2021-09-17T03:38:28-04:00,,3.0.0,bump version,ff55f1097b355989a7926100b99a18035c4a5e47,inferred-compatible,descendant-release,kag-v3.0.0,v3.0.0
76127af7ca2e629096d124efec59642de7c74ba2,2021-09-17T04:52:22-04:00,,3.0.0,fix linux/macos build,ff55f1097b355989a7926100b99a18035c4a5e47,inferred-compatible,descendant-release,kag-v3.0.0,v3.0.0
e600e0bd8e8999d756356d5dda8f5dfba9610e18,2021-10-29T04:21:11-04:00,,3.0.0,fix setup.py for new requirements,ff55f1097b355989a7926100b99a18035c4a5e47,inferred-compatible,descendant-release,kag-v3.0.0,v3.0.0
840af12f10abb5fdb5dbfef91572baa0ab00a7d7,2021-10-28T12:06:15-07:00,,3.0.0,Remove unnecessary extra quotes with whitespace,ff55f1097b355989a7926100b99a18035c4a5e47,inferred-compatible,descendant-release,kag-v3.0.0,v3.0.0
5f9ad1f0f78a0f4c4c200c8479af311d2a88394c,2021-10-30T08:09:27-04:00,,3.0.0,Merge pull request #64 from matthewmcintire/master,ff55f1097b355989a7926100b99a18035c4a5e47,inferred-compatible,descendant-release,kag-v3.0.0,v3.0.0
2ec3e25f3899bc1fd82c3f1d93107e59a1eb7c2f,2021-10-30T08:32:34-04:00,,3.0.0,update readme,ff55f1097b355989a7926100b99a18035c4a5e47,inferred-compatible,descendant-release,kag-v3.0.0,v3.0.0
99be2ae041294a551e36bee9c3b4aa2e1f3ed86e,2021-10-30T08:47:38-04:00,v3.0.0,3.0.0,update changelog,ff55f1097b355989a7926100b99a18035c4a5e47,confirmed,release,kag-v3.0.0,v3.0.0
3b8961a64f34c0b03ce79559f5a8726c6f689618,2021-10-31T06:45:30-04:00,,3.0.0,update models links,ff55f1097b355989a7926100b99a18035c4a5e47,inferred-compatible,descendant-release,kag-v3.0.0,v3.1.0
d5bf845535f32bee5e67c40ab1be776c4b6e9505,2021-11-05T03:58:18-04:00,,3.0.0,remove deprecated CLI binaries from windows build,ff55f1097b355989a7926100b99a18035c4a5e47,inferred-compatible,descendant-release,kag-v3.0.0,v3.1.0
58c8e2b18cef250bd5ca2f5a4d20b1e72e6c6fe3,2021-11-05T04:11:39-04:00,,3.1.0,bump version,ff55f1097b355989a7926100b99a18035c4a5e47,inferred-compatible,descendant-release,kag-v3.1.0,v3.1.0
7a105036892c7d97cd4ecf612cd7699bea211d6b,2021-11-24T03:45:55-05:00,,3.1.0,only mark lexicon stale if it was successfully modified,ff55f1097b355989a7926100b99a18035c4a5e47,inferred-compatible,descendant-release,kag-v3.1.0,v3.1.0
d32491506f9e019d266848cb452c369e57b74c1f,2021-11-24T03:52:21-05:00,,3.1.0,"fix updating of SymbolTable multiple times for new words, so that there is only one instance for a single model",ff55f1097b355989a7926100b99a18035c4a5e47,inferred-compatible,descendant-release,kag-v3.1.0,v3.1.0
48360b9755198c1faebd42ea61e1536f56671c7f,2021-11-24T04:04:27-05:00,v3.1.0,3.1.0,update changelog,ff55f1097b355989a7926100b99a18035c4a5e47,confirmed,release,kag-v3.1.0,v3.1.0
9ee1e5e0ef9f34f457ed0a8289a4c5b8d0dbea8c,2021-11-24T05:48:37-05:00,,3.1.0,fix latest models links,e48aeed7c5f0df117a5d49f2ef00b19c135feccd,inferred-compatible,descendant-release,kag-v3.1.0,v3.2.0
8fbd649a8c6cd9b1f4cd3e764b94d308c1cea067,2025-08-07T04:12:58-04:00,,3.1.0,remove obsolete and invalid cloud_dictation_lang reference,e48aeed7c5f0df117a5d49f2ef00b19c135feccd,inferred-compatible,descendant-release,kag-v3.1.0,v3.2.0
17eebb72973620c9c45f8bdc3e88f8e06ff437dc,2025-08-31T05:47:01-04:00,,3.1.0,cleanup CI,e48aeed7c5f0df117a5d49f2ef00b19c135feccd,inferred-compatible,descendant-release,kag-v3.1.0,v3.2.0
c1cbfb1320183b263f277f5e761ec4d553d79325,2025-08-31T05:47:01-04:00,,3.1.0,update CI to get Linux working again,e48aeed7c5f0df117a5d49f2ef00b19c135feccd,inferred-compatible,descendant-release,kag-v3.1.0,v3.2.0
8efc09ede3766204b5b0f0bd533f8db41c3bb13e,2025-08-31T05:47:01-04:00,,3.1.0,update CI to get Windows working again,e48aeed7c5f0df117a5d49f2ef00b19c135feccd,inferred-compatible,descendant-release,kag-v3.1.0,v3.2.0
8d1a26784b339bb18d44534697243a16ef068711,2025-08-31T06:02:04-04:00,,3.1.0,update CI to get MacOS (intel and arm) working again,e48aeed7c5f0df117a5d49f2ef00b19c135feccd,inferred-compatible,descendant-release,kag-v3.1.0,v3.2.0
7d53655ddd776a04099d17488a98add73a034eb0,2025-08-31T06:02:04-04:00,,3.1.0,Fix setup.py license key to new specifier format,e48aeed7c5f0df117a5d49f2ef00b19c135feccd,inferred-compatible,descendant-release,kag-v3.1.0,v3.2.0
030445c92764db1252a1935cbae5ac48e8b1093a,2025-08-31T06:02:04-04:00,,3.1.0,Update setup classifiers for supported python versions,e48aeed7c5f0df117a5d49f2ef00b19c135feccd,inferred-compatible,descendant-release,kag-v3.1.0,v3.2.0
6626b857ab9a4855c9cbd34787bbf3f6ae4fb90a,2025-08-31T06:02:04-04:00,,3.1.0,Expose NativeWFST at package top level,e48aeed7c5f0df117a5d49f2ef00b19c135feccd,inferred-compatible,descendant-release,kag-v3.1.0,v3.2.0
f0460bfea80b543a18af2472c58254edc734c276,2025-08-31T06:14:57-04:00,,3.1.0,"Add tests, including using TTS",e48aeed7c5f0df117a5d49f2ef00b19c135feccd,inferred-compatible,descendant-release,kag-v3.1.0,v3.2.0
1f1fdb070b3415f633a29a5a2e49e639667099e7,2025-08-31T06:14:57-04:00,,3.1.0,Refactor tests,e48aeed7c5f0df117a5d49f2ef00b19c135feccd,inferred-compatible,descendant-release,kag-v3.1.0,v3.2.0
109e2946db7bf378e4a8e482d23b52c0ed2ad31a,2025-08-31T09:46:37-04:00,,3.1.0,Refactor tests,e48aeed7c5f0df117a5d49f2ef00b19c135feccd,inferred-compatible,descendant-release,kag-v3.1.0,v3.2.0
472c705373188097c5217abbb7ad8d1c80d60398,2025-09-19T05:59:31-04:00,,3.1.0,Cleanup linux build,e48aeed7c5f0df117a5d49f2ef00b19c135feccd,inferred-compatible,descendant-release,kag-v3.1.0,v3.2.0
c8a292c9ed22f6bcce87c401aa5371dc5663eaa5,2025-09-20T03:40:05-04:00,,3.1.0,CI: Cleanup,e48aeed7c5f0df117a5d49f2ef00b19c135feccd,inferred-compatible,descendant-release,kag-v3.1.0,v3.2.0
bda65f49f534dee9984d2a879eb58166ac24f42a,2025-09-20T03:40:05-04:00,,3.1.0,CI: Cleanup,e48aeed7c5f0df117a5d49f2ef00b19c135feccd,inferred-compatible,descendant-release,kag-v3.1.0,v3.2.0
c2492f359ce6ad5374f312ecafe63f19e14c553a,2025-09-20T03:40:05-04:00,,3.1.0,CI: Implement caching of expensive native build,e48aeed7c5f0df117a5d49f2ef00b19c135feccd,inferred-compatible,descendant-release,kag-v3.1.0,v3.2.0
5d2cf5d8a57d852bfeb139fbd655a0a9e78c80ab,2025-09-20T03:40:05-04:00,,3.1.0,Setup testing for package,e48aeed7c5f0df117a5d49f2ef00b19c135feccd,inferred-compatible,descendant-release,kag-v3.1.0,v3.2.0
5e7ec008be355dab9899e709ebf79621404d051a,2025-09-20T03:40:05-04:00,,3.1.0,CI: Add workflow for tests,e48aeed7c5f0df117a5d49f2ef00b19c135feccd,inferred-compatible,descendant-release,kag-v3.1.0,v3.2.0
a951b79b542c8b6474ad42e413c74f93a3a34618,2025-09-20T03:40:05-04:00,,3.1.0,CI: Move tests to build workflow,e48aeed7c5f0df117a5d49f2ef00b19c135feccd,inferred-compatible,descendant-release,kag-v3.1.0,v3.2.0
04e7e2eeb8978f9de2a1e3e54cc3d9e5ebfe3bb0,2025-09-22T04:40:17-04:00,,3.1.0,CI: Change to run tests even after build failures,e48aeed7c5f0df117a5d49f2ef00b19c135feccd,inferred-compatible,descendant-release,kag-v3.1.0,v3.2.0
a7743017e208cf72b5dc53c043c0dba1d94f9c24,2025-09-22T04:40:17-04:00,,3.1.0,Tests: Add utilities for generating TTS wavs,e48aeed7c5f0df117a5d49f2ef00b19c135feccd,inferred-compatible,descendant-release,kag-v3.1.0,v3.2.0
e5e882679b1388e1e09054d97d057ca824891777,2025-09-22T04:40:17-04:00,,3.1.0,Build: Drop python2 from wheel tag,e48aeed7c5f0df117a5d49f2ef00b19c135feccd,inferred-compatible,descendant-release,kag-v3.1.0,v3.2.0
f9a7dc4a6a005151268c7b56c1b03a954743f24a,2025-09-22T04:52:49-04:00,,3.1.0,Build: Cleanup setup.py,e48aeed7c5f0df117a5d49f2ef00b19c135feccd,inferred-compatible,descendant-release,kag-v3.1.0,v3.2.0
1a350ae03ac7573f0944b69bcb4931468818750a,2025-09-22T07:19:42-04:00,,3.1.0,Build: Cleanup kaldi-configure-wrapper.sh,e48aeed7c5f0df117a5d49f2ef00b19c135feccd,inferred-compatible,descendant-release,kag-v3.1.0,v3.2.0
4c6fb9888a35eb70bb282242ac576e2aed6251c1,2025-09-22T07:19:42-04:00,,3.1.0,Relax requirements version specifiers,e48aeed7c5f0df117a5d49f2ef00b19c135feccd,inferred-compatible,descendant-release,kag-v3.1.0,v3.2.0
7f1bb1b9c5b3a6d7b08898ad62949c2dceac6c60,2025-09-22T07:19:42-04:00,,3.1.0,Build: CI: Modify mac wheel build to use delocate rather than manual,e48aeed7c5f0df117a5d49f2ef00b19c135feccd,inferred-compatible,descendant-release,kag-v3.1.0,v3.2.0
b1cf5e9eff7fe5c614285c55aa14a35456bf8da5,2025-09-22T21:35:51-04:00,,3.1.0,Build: CI: Add notices for built wheels,e48aeed7c5f0df117a5d49f2ef00b19c135feccd,inferred-compatible,descendant-release,kag-v3.1.0,v3.2.0
c4007d498edd028e63cd134335c15965599b01d1,2025-09-23T00:16:03-04:00,,3.1.0,Build: CI: Add caching of tests setup,e48aeed7c5f0df117a5d49f2ef00b19c135feccd,inferred-compatible,descendant-release,kag-v3.1.0,v3.2.0
96f93516f8082fd5b2ba410a06ef4034404b04ba,2025-09-23T00:16:04-04:00,,3.1.0,Build: CI: Cleanup linux wheel build,e48aeed7c5f0df117a5d49f2ef00b19c135feccd,inferred-compatible,descendant-release,kag-v3.1.0,v3.2.0
07562ef219e50f0b1a65193c4d522e198317a3ab,2025-10-23T07:35:42-04:00,,3.1.0,Tests: Move changing directory for loading model to fixture,e48aeed7c5f0df117a5d49f2ef00b19c135feccd,inferred-compatible,descendant-release,kag-v3.1.0,v3.2.0
b35435038757a39d084c93412682f4b1105fea02,2025-10-23T07:36:15-04:00,,3.1.0,Improve comments in Justfile,e48aeed7c5f0df117a5d49f2ef00b19c135feccd,inferred-compatible,descendant-release,kag-v3.1.0,v3.2.0
2eb31ba525a2ffb4ddbdb5828b04470d2aecdb77,2025-10-23T07:47:24-04:00,,3.1.0,"Build: CI: Run for all pushes & PRs, now that we have caching",e48aeed7c5f0df117a5d49f2ef00b19c135feccd,inferred-compatible,descendant-release,kag-v3.1.0,v3.2.0
3ee94132cac3616131178bf1b9fd31c8b52bf447,2025-10-31T08:52:22-04:00,,3.1.0,Tests: Add more grammar tests for various graphs,e48aeed7c5f0df117a5d49f2ef00b19c135feccd,inferred-compatible,descendant-release,kag-v3.1.0,v3.2.0
c2d2910c782eecc00a6f519d9b601dd15600db1d,2025-10-31T09:10:37-04:00,,3.1.0,Tests: Add alternative dictation tests,e48aeed7c5f0df117a5d49f2ef00b19c135feccd,inferred-compatible,descendant-release,kag-v3.1.0,v3.2.0
9505b5e4cdabddacdc20a40408e459309c653e99,2025-10-31T09:10:37-04:00,,3.1.0,Tests: Add more plain dictation tests,e48aeed7c5f0df117a5d49f2ef00b19c135feccd,inferred-compatible,descendant-release,kag-v3.1.0,v3.2.0
56b1c7794ab7271f1a7f37b3f81886b81ccd9728,2025-10-31T10:00:42-04:00,,3.1.0,Tests: Add grammar dictation tests,e48aeed7c5f0df117a5d49f2ef00b19c135feccd,inferred-compatible,descendant-release,kag-v3.1.0,v3.2.0
aa1a26c2116d1bcf9ab8ed1e156415f559627acb,2025-10-31T10:01:20-04:00,,3.1.0,Tests: Add more grammar tests,e48aeed7c5f0df117a5d49f2ef00b19c135feccd,inferred-compatible,descendant-release,kag-v3.1.0,v3.2.0
df0f32967921899bc2c09f5c36897c5a77b388e6,2025-10-31T10:08:37-04:00,,3.1.0,Tests: Refactor grammar tests,e48aeed7c5f0df117a5d49f2ef00b19c135feccd,inferred-compatible,descendant-release,kag-v3.1.0,v3.2.0
0ab9dd8037db66d4bcacc233851f5d96f9dea04a,2025-10-31T22:06:13-04:00,,3.1.0,Add AGENTS.md file,e48aeed7c5f0df117a5d49f2ef00b19c135feccd,inferred-compatible,descendant-release,kag-v3.1.0,v3.2.0
8eb2ea212388ace7c9f9084c8c678038ddedc00b,2025-11-01T06:04:18-04:00,,3.1.0,"Tests: Add --isolated to just test-package, to avoid any repo root venv",e48aeed7c5f0df117a5d49f2ef00b19c135feccd,inferred-compatible,descendant-release,kag-v3.1.0,v3.2.0
eb41c40036c9f44610d6ffc6c332bc16635b54c8,2025-11-01T06:04:18-04:00,,3.1.0,Build: CI: Refactor,e48aeed7c5f0df117a5d49f2ef00b19c135feccd,inferred-compatible,descendant-release,kag-v3.1.0,v3.2.0
a08b831a4d2db05c4459b4d2ed7aca3c39399869,2025-11-01T22:34:16-04:00,,3.1.0,Build: CI: Fix test job matrix caching concurrency race,e48aeed7c5f0df117a5d49f2ef00b19c135feccd,inferred-compatible,descendant-release,kag-v3.1.0,v3.2.0
f6eacb9630498652e782694a30fc9c0f58f4d1d8,2025-11-01T22:34:16-04:00,,3.1.0,Tests: Improve just commands argument passing,e48aeed7c5f0df117a5d49f2ef00b19c135feccd,inferred-compatible,descendant-release,kag-v3.1.0,v3.2.0
58606d6f2a31e329b05e7c205c224596c794eefe,2025-11-01T22:34:16-04:00,,3.1.0,Build: CI: Fix test job failure running tests all in single process,e48aeed7c5f0df117a5d49f2ef00b19c135feccd,inferred-compatible,descendant-release,kag-v3.1.0,v3.2.0
072da6d307b4d2a3f3389f0509789bee137db59c,2025-11-01T22:34:16-04:00,,3.1.0,Enable Python 3.14,e48aeed7c5f0df117a5d49f2ef00b19c135feccd,inferred-compatible,descendant-release,kag-v3.1.0,v3.2.0
e4d6413e2a54a4fc34423b0aae42f24a25c87ef2,2025-11-01T22:34:16-04:00,,3.1.0,Build: CI: Remove obsolete tests-only workflow,e48aeed7c5f0df117a5d49f2ef00b19c135feccd,inferred-compatible,descendant-release,kag-v3.1.0,v3.2.0
45f3b5f84cd7664421efcab250521df0c9739d68,2025-11-01T22:34:16-04:00,,3.2.0,Bump version to 3.2.0 and update CHANGELOG,e48aeed7c5f0df117a5d49f2ef00b19c135feccd,inferred-compatible,descendant-release,kag-v3.2.0,v3.2.0
32407283939f5b7667e85369391b0f0230cd246a,2025-11-02T06:19:05-05:00,v3.2.0,3.2.0,Update README,e48aeed7c5f0df117a5d49f2ef00b19c135feccd,confirmed,release,kag-v3.2.0,v3.2.0
fe052194c4772dcd5868128d467706cbdac11e37,2025-11-02T21:35:35-05:00,,3.2.0,Admin: Add releasing info,b4ede2107a94700d1e657afc0a9f763b4b12fb0d,inferred-compatible,current-lock-snapshot,kag-v3.2.0,0b3af6d28c09256baba8e83982761db8ad41c16c
7f83cdbe597d291c614429d135823187a4038783,2025-11-02T21:36:14-05:00,,3.2.0,Admin: Fix CHANGELOG,b4ede2107a94700d1e657afc0a9f763b4b12fb0d,inferred-compatible,current-lock-snapshot,kag-v3.2.0,0b3af6d28c09256baba8e83982761db8ad41c16c
01cf15d81bf7ea1abd0f0a98f77aac691f302934,2025-11-03T11:06:08-05:00,,3.2.0,"Update python support specifiers, dropping 3.6-3.8, but still allowing installs",b4ede2107a94700d1e657afc0a9f763b4b12fb0d,inferred-compatible,current-lock-snapshot,kag-v3.2.0,0b3af6d28c09256baba8e83982761db8ad41c16c
2e4aafae406bb13f5d733697e9fd9eb68bb48331,2025-11-03T11:06:08-05:00,origin/build,3.2.0,Build: CI: Replace deprecated macos-13 (intel) runner with new macos-15-intel,b4ede2107a94700d1e657afc0a9f763b4b12fb0d,inferred-compatible,current-lock-snapshot,kag-v3.2.0,0b3af6d28c09256baba8e83982761db8ad41c16c
e0405d376b41d9e73b7b183eadb96c7685744abf,2026-07-13T11:30:22-04:00,,3.2.0,Docs: describe Kaldi fork architecture,b4ede2107a94700d1e657afc0a9f763b4b12fb0d,inferred-compatible,current-lock-snapshot,kag-v3.2.0,0b3af6d28c09256baba8e83982761db8ad41c16c
a94cbac48067a5f6b0974bf348d2962dd3402eb5,2026-07-14T11:14:02-04:00,,3.2.0,Docs: separate build instructions,b4ede2107a94700d1e657afc0a9f763b4b12fb0d,inferred-compatible,current-lock-snapshot,kag-v3.2.0,0b3af6d28c09256baba8e83982761db8ad41c16c
836df175a7c7b8054f1e0951c6fc36875198225b,2026-07-15T05:08:19-04:00,,3.2.0,Docs: expand platform build instructions,b4ede2107a94700d1e657afc0a9f763b4b12fb0d,inferred-compatible,current-lock-snapshot,kag-v3.2.0,0b3af6d28c09256baba8e83982761db8ad41c16c
d99dfc86cd0da56d7ff0ae8028aa4a4b971cb4a9,2026-07-15T05:08:19-04:00,,3.2.0,Justfile: Cleanup,b4ede2107a94700d1e657afc0a9f763b4b12fb0d,inferred-compatible,current-lock-snapshot,kag-v3.2.0,0b3af6d28c09256baba8e83982761db8ad41c16c
1714188a18a38fadaf08615e8dcac74ed2e44de6,2026-07-16T07:39:39-04:00,,3.2.0,Document separate Linux development build workflow,b4ede2107a94700d1e657afc0a9f763b4b12fb0d,inferred-compatible,current-lock-snapshot,kag-v3.2.0,0b3af6d28c09256baba8e83982761db8ad41c16c
6196ae2bffb5205fd50eac3381bc0e7879750523,2026-07-16T07:39:39-04:00,,3.2.0,Document separate Windows development workflow,b4ede2107a94700d1e657afc0a9f763b4b12fb0d,inferred-compatible,current-lock-snapshot,kag-v3.2.0,0b3af6d28c09256baba8e83982761db8ad41c16c
e880bb338248235903a4c6127a0ef4cab584f0bb,2026-07-16T07:39:39-04:00,,3.2.0,Tests: improve separate-process test runner,b4ede2107a94700d1e657afc0a9f763b4b12fb0d,inferred-compatible,current-lock-snapshot,kag-v3.2.0,0b3af6d28c09256baba8e83982761db8ad41c16c
4414be4027505a81f837e9de40cb54d29e76505e,2026-07-16T07:39:39-04:00,,3.2.0,Remove legacy GMM decoder interface,eaf3ee9e2d37fd7c25797c9b66dd14bef1714f52,correlated,semantic-pair,kag-v3.2.0,matching cross-repo change
463ff4da5f8ed4dd04a8bafdfca0a463febb8583,2026-07-17T04:37:52-04:00,,3.2.0,Merge branch 'master' into develop,b4ede2107a94700d1e657afc0a9f763b4b12fb0d,inferred-compatible,current-lock-snapshot,kag-v3.2.0,0b3af6d28c09256baba8e83982761db8ad41c16c
8cbaef43f8e6ed79680367bd90cadb5632ce0c69,2026-08-01T08:09:42-04:00,,3.2.0,Tests: Make fail-fast behavior opt-in,b4ede2107a94700d1e657afc0a9f763b4b12fb0d,inferred-compatible,current-lock-snapshot,kag-v3.2.0,0b3af6d28c09256baba8e83982761db8ad41c16c
4aaaecdc6c578b34fec8a1f6f24fc6cb5f99a852,2026-08-01T08:09:42-04:00,,3.2.0,wrapper.py: Replace activity masks with rule IDs,b4ede2107a94700d1e657afc0a9f763b4b12fb0d,inferred-compatible,current-lock-snapshot,kag-v3.2.0,0b3af6d28c09256baba8e83982761db8ad41c16c
f1d76b366dde205a831b6dbc0d67ec38db6e25a4,2026-08-01T08:09:42-04:00,,3.2.0,tests/test_grammar.py: Cover AGF and LAF grammar behavior,b4ede2107a94700d1e657afc0a9f763b4b12fb0d,inferred-compatible,current-lock-snapshot,kag-v3.2.0,0b3af6d28c09256baba8e83982761db8ad41c16c
a188549dca84b6c8917bfb77777348264680873e,2026-08-01T08:09:42-04:00,,3.2.0,ffi.py: Permit shared decoder declarations,b4ede2107a94700d1e657afc0a9f763b4b12fb0d,inferred-compatible,current-lock-snapshot,kag-v3.2.0,0b3af6d28c09256baba8e83982761db8ad41c16c
9919ab1cf906450fed929e7b4b1987f6a28c3122,2026-08-01T08:09:42-04:00,,3.2.0,compiler.py: Reject runtime LAF lexicon updates,b4ede2107a94700d1e657afc0a9f763b4b12fb0d,inferred-compatible,current-lock-snapshot,kag-v3.2.0,0b3af6d28c09256baba8e83982761db8ad41c16c
bbd4bdbc8bdbe83c7ef8f39611ba650468190e7b,2026-08-01T08:09:42-04:00,,3.2.0,model.py: Generate missing LAF relabeled word tables,b4ede2107a94700d1e657afc0a9f763b4b12fb0d,inferred-compatible,current-lock-snapshot,kag-v3.2.0,0b3af6d28c09256baba8e83982761db8ad41c16c
f930e126b367d92cc42755ee9501824dcfd235bd,2026-08-01T08:09:42-04:00,,3.2.0,tests/test_grammar.py: Clarify no-result decode expectations,b4ede2107a94700d1e657afc0a9f763b4b12fb0d,inferred-compatible,current-lock-snapshot,kag-v3.2.0,0b3af6d28c09256baba8e83982761db8ad41c16c
77839148ac0aa90065453da805433b049134ca3c,2026-08-01T08:09:42-04:00,,3.2.0,TODO.md: Record LAF FST storage follow-up,b4ede2107a94700d1e657afc0a9f763b4b12fb0d,inferred-compatible,current-lock-snapshot,kag-v3.2.0,0b3af6d28c09256baba8e83982761db8ad41c16c
f55a3f3ca2c0bdb6508aa4d6fa4adac280ba5709,2026-08-01T08:09:42-04:00,,3.2.0,tests/test_grammar.py: Add opt-in prolonged grammar activity coverage,b4ede2107a94700d1e657afc0a9f763b4b12fb0d,inferred-compatible,current-lock-snapshot,kag-v3.2.0,0b3af6d28c09256baba8e83982761db8ad41c16c
c1a0e998440133e82e9cebde3951a5da772575b6,2026-08-01T08:09:42-04:00,,3.2.0,Justfile: Add reusable test virtualenv setup,b4ede2107a94700d1e657afc0a9f763b4b12fb0d,inferred-compatible,current-lock-snapshot,kag-v3.2.0,0b3af6d28c09256baba8e83982761db8ad41c16c
a97b27d9a830dfaf1b29f8783c7d3eb743f74c33,2026-08-01T09:45:22-04:00,,3.2.0,Justfile: Suppress C++ warnings in Linux Kaldi setup,b4ede2107a94700d1e657afc0a9f763b4b12fb0d,inferred-compatible,current-lock-snapshot,kag-v3.2.0,0b3af6d28c09256baba8e83982761db8ad41c16c
e9232f91f71c67a593bae4d497521dc0d17c757d,2026-07-16T07:39:39-04:00,,3.2.0,Fix native resource lifecycle and ownership,3158291004edf177c939483af7190294396590ca,correlated,semantic-pair,kag-v3.2.0,matching cross-repo change
bc3285e0fd894d387311a7ba5385f891c73b7190,2026-07-16T07:39:39-04:00,,3.2.0,Tests: cover native resource lifecycle,b4ede2107a94700d1e657afc0a9f763b4b12fb0d,inferred-compatible,current-lock-snapshot,kag-v3.2.0,0b3af6d28c09256baba8e83982761db8ad41c16c
91bc8545abb98ee262ce103342f607a74bacd4e5,2026-07-16T07:39:39-04:00,,3.2.0,Docs: document native resource lifecycle,b4ede2107a94700d1e657afc0a9f763b4b12fb0d,inferred-compatible,current-lock-snapshot,kag-v3.2.0,0b3af6d28c09256baba8e83982761db8ad41c16c
81360248b57dcae537bd4c9a311eca1ded409736,2026-07-16T07:47:21-04:00,,3.2.0,Justfile: Improve recipe comments,b4ede2107a94700d1e657afc0a9f763b4b12fb0d,inferred-compatible,current-lock-snapshot,kag-v3.2.0,0b3af6d28c09256baba8e83982761db8ad41c16c
d1bfaca131bf5197aa2b5b2105848d00a5ca0391,2026-07-16T07:53:23-04:00,,3.2.0,Tests: use standard wheel test recipe on Windows,b4ede2107a94700d1e657afc0a9f763b4b12fb0d,inferred-compatible,current-lock-snapshot,kag-v3.2.0,0b3af6d28c09256baba8e83982761db8ad41c16c
5bb60c3bf182d3f7fa7d0f42d4729c39dbb747c9,2026-08-02T09:56:33-04:00,,3.2.0,Merge branch 'master' into develop,b4ede2107a94700d1e657afc0a9f763b4b12fb0d,inferred-compatible,current-lock-snapshot,kag-v3.2.0,0b3af6d28c09256baba8e83982761db8ad41c16c
2c776b6a5d52979ccb62a0dc0e544dac47154037,2026-08-03T03:03:19-04:00,,3.2.0,Lifecycle: Make close() the only cleanup API,b4ede2107a94700d1e657afc0a9f763b4b12fb0d,inferred-compatible,current-lock-snapshot,kag-v3.2.0,0b3af6d28c09256baba8e83982761db8ad41c16c
a27a29da5aa7a29e64afc89592c03f2ab7021dda,2026-08-03T03:03:19-04:00,,3.2.0,Lifecycle: Close all compiler rules safely,b4ede2107a94700d1e657afc0a9f763b4b12fb0d,inferred-compatible,current-lock-snapshot,kag-v3.2.0,0b3af6d28c09256baba8e83982761db8ad41c16c
f52bddc7c7fd82232e3a749ef27dd34ec1857e5a,2026-08-03T07:17:30-04:00,,3.2.0,Repo: Update repository ignores and agent guidance,b4ede2107a94700d1e657afc0a9f763b4b12fb0d,inferred-compatible,current-lock-snapshot,kag-v3.2.0,0b3af6d28c09256baba8e83982761db8ad41c16c
a549f308b1db6447916228f91a04e3235a7c8617,2026-08-03T07:25:50-04:00,,3.2.0,Require native FSTs for grammar compilation,b4ede2107a94700d1e657afc0a9f763b4b12fb0d,inferred-compatible,current-lock-snapshot,kag-v3.2.0,0b3af6d28c09256baba8e83982761db8ad41c16c
1a8f5c0597925715b203beca89d5710a2cf3a861,2026-08-03T09:25:29-04:00,,3.2.0,compiler.py: Centralize KaldiRule resource cleanup,b4ede2107a94700d1e657afc0a9f763b4b12fb0d,inferred-compatible,current-lock-snapshot,kag-v3.2.0,0b3af6d28c09256baba8e83982761db8ad41c16c
6412b2c4728588ca956a291a25c7a1bd70c0a1e7,2026-08-03T10:24:26-04:00,,3.2.0,tests/test_file_cache.py: Restore cache characterization coverage,b4ede2107a94700d1e657afc0a9f763b4b12fb0d,inferred-compatible,current-lock-snapshot,kag-v3.2.0,0b3af6d28c09256baba8e83982761db8ad41c16c
2a792a533d9a501f0710753ead3798ca71075873,2026-08-03T10:24:42-04:00,,3.2.0,utils.py: Add schema-v2 dependency identity tracking,b4ede2107a94700d1e657afc0a9f763b4b12fb0d,inferred-compatible,current-lock-snapshot,kag-v3.2.0,0b3af6d28c09256baba8e83982761db8ad41c16c
49ee04378542503eeb65537797b42efe80245365,2026-08-03T10:24:50-04:00,,3.2.0,model.py: Keep formatting aliases out of cache dependencies,b4ede2107a94700d1e657afc0a9f763b4b12fb0d,inferred-compatible,current-lock-snapshot,kag-v3.2.0,0b3af6d28c09256baba8e83982761db8ad41c16c
4621fa37512872b05c6adc797d89d7629a463e36,2026-08-03T10:50:09-04:00,,3.2.0,utils.py: Write cache files atomically,b4ede2107a94700d1e657afc0a9f763b4b12fb0d,inferred-compatible,current-lock-snapshot,kag-v3.2.0,0b3af6d28c09256baba8e83982761db8ad41c16c
04a9914479a3b01dfb4908d036a23375744bed09,2026-08-04T06:54:53-04:00,,3.2.0,Fix optional and warm dependency handling,b4ede2107a94700d1e657afc0a9f763b4b12fb0d,inferred-compatible,current-lock-snapshot,kag-v3.2.0,0b3af6d28c09256baba8e83982761db8ad41c16c
270e9c18e1e6e8b511d0e3c6b7dff317c3277e27,2026-08-04T06:55:02-04:00,,3.2.0,Keep public cache checks current,b4ede2107a94700d1e657afc0a9f763b4b12fb0d,inferred-compatible,current-lock-snapshot,kag-v3.2.0,0b3af6d28c09256baba8e83982761db8ad41c16c
e0764090c9361842af771685fb2cd72f5d346b0b,2026-08-04T07:14:51-04:00,,3.2.0,Replace public FST cache invalidation,b4ede2107a94700d1e657afc0a9f763b4b12fb0d,inferred-compatible,current-lock-snapshot,kag-v3.2.0,0b3af6d28c09256baba8e83982761db8ad41c16c
d3d7344ddbdce5e9dff3877395d86889540ee9ee,2026-08-04T08:30:17-04:00,,3.2.0,Record absent cache dependencies,b4ede2107a94700d1e657afc0a9f763b4b12fb0d,inferred-compatible,current-lock-snapshot,kag-v3.2.0,0b3af6d28c09256baba8e83982761db8ad41c16c
535654e0df8137da8972d8518ce207a650e588d5,2026-08-07T06:14:01-04:00,,3.2.0,Docs: Document dependency cache validation,b4ede2107a94700d1e657afc0a9f763b4b12fb0d,inferred-compatible,current-lock-snapshot,kag-v3.2.0,0b3af6d28c09256baba8e83982761db8ad41c16c
a2dda607205d952db6efa81bbbac693de9ffdb91,2026-08-07T06:14:01-04:00,,3.2.0,Cache: Harden cache initialization and persistence,b4ede2107a94700d1e657afc0a9f763b4b12fb0d,inferred-compatible,current-lock-snapshot,kag-v3.2.0,0b3af6d28c09256baba8e83982761db8ad41c16c
c542a0be3bc2e19a35ca234f576cc2f9e9ccfd01,2026-08-07T06:14:01-04:00,,3.2.0,Cache: Scope incomplete markers to rebuilds,b4ede2107a94700d1e657afc0a9f763b4b12fb0d,inferred-compatible,current-lock-snapshot,kag-v3.2.0,0b3af6d28c09256baba8e83982761db8ad41c16c
6c5e4ff3d90008ae5c5d42693a806df2ef63b5d4,2026-08-07T06:26:47-04:00,"master,origin,origin/develop,origin/master",3.2.0,Tests: Deprecate separate-process runners,b4ede2107a94700d1e657afc0a9f763b4b12fb0d,inferred-compatible,current-lock-snapshot,kag-v3.2.0,0b3af6d28c09256baba8e83982761db8ad41c16c
072cd30f9105f8ae8d138f1ac55f5cb6732ea547,2026-08-07T08:57:53-04:00,,3.2.0,Tests: Add long-term stress harness,b4ede2107a94700d1e657afc0a9f763b4b12fb0d,inferred-compatible,current-lock-snapshot,kag-v3.2.0,0b3af6d28c09256baba8e83982761db8ad41c16c
9df579ae1219fbcf82dcb7c94176284e7ccaf5a5,2026-08-07T09:28:01-04:00,,3.2.0,Tests: Strengthen long-term stress leak checks,b4ede2107a94700d1e657afc0a9f763b4b12fb0d,inferred-compatible,current-lock-snapshot,kag-v3.2.0,0b3af6d28c09256baba8e83982761db8ad41c16c
87e59315c40fb94f574524bbdaaac6394a4c72e3,2026-08-07T17:09:25-04:00,,3.2.0,Tests: Harden long-term stress regression gates,b4ede2107a94700d1e657afc0a9f763b4b12fb0d,inferred-compatible,current-lock-snapshot,kag-v3.2.0,0b3af6d28c09256baba8e83982761db8ad41c16c
152b194dc0dc3e2cd975eba63bb0a1745e463024,2026-08-07T23:21:41-04:00,,3.2.0,Symbol tables: Consolidate loading and lookup,b4ede2107a94700d1e657afc0a9f763b4b12fb0d,inferred-compatible,current-lock-snapshot,kag-v3.2.0,0b3af6d28c09256baba8e83982761db8ad41c16c
b2d040c7a9dbd394691b6fb7d0867dcb37f17d69,2026-08-07T23:51:07-04:00,,3.2.0,WFST: Buffer NativeWFST arcs in batches,b4ede2107a94700d1e657afc0a9f763b4b12fb0d,correlated,semantic-pair,kag-v3.2.0,matching cross-repo change
9ad8cb0ac1f5ac99fc67c46a1c2d2a7f20be2e8e,2026-08-15T22:57:09-04:00,,3.2.0,Tests: Split stress correctness into two gates,b4ede2107a94700d1e657afc0a9f763b4b12fb0d,inferred-compatible,current-lock-snapshot,kag-v3.2.0,0b3af6d28c09256baba8e83982761db8ad41c16c
38a70b503077efde7876e814ec57da63e5e264ea,2026-08-15T23:13:38-04:00,develop,3.2.0,Tests: Screen stress phrases for separability,b4ede2107a94700d1e657afc0a9f763b4b12fb0d,inferred-compatible,current-lock-snapshot,kag-v3.2.0,0b3af6d28c09256baba8e83982761db8ad41c16c
5d9537dc550a4191d55f5a3bbe8ef24dc4d99697,2026-08-15T23:20:20-04:00,stress-back-test,3.2.0,Tests: Add released-wheel stress compatibility,b4ede2107a94700d1e657afc0a9f763b4b12fb0d,inferred-compatible,current-lock-snapshot,kag-v3.2.0,0b3af6d28c09256baba8e83982761db8ad41c16c
0b3af6d28c09256baba8e83982761db8ad41c16c,2026-08-19T23:04:36-04:00,feature/pin-native-revision,0.2.0,Build: Lock native revisions and coordinate wheel versions,b4ede2107a94700d1e657afc0a9f763b4b12fb0d,exact,lock,b4ede2107a94700d1e657afc0a9f763b4b12fb0d,b4ede2107a94700d1e657afc0a9f763b4b12fb0d
